title,volume,issue,year,issue_direct_url
Kinema,9,1,1919,https://www.e-periodica.ch/digbib/view?pid=kin-001:1919:9::46
Kinema,9,2,1919,https://www.e-periodica.ch/digbib/view?pid=kin-001:1919:9::66
Kinema,9,3,1919,https://www.e-periodica.ch/digbib/view?pid=kin-001:1919:9::82
Kinema,9,4,1919,https://www.e-periodica.ch/digbib/view?pid=kin-001:1919:9::94
Kinema,9,5,1919,https://www.e-periodica.ch/digbib/view?pid=kin-001:1919:9::106
Kinema,9,6,1919,https://www.e-periodica.ch/digbib/view?pid=kin-001:1919:9::126
Kinema,9,7,1919,https://www.e-periodica.ch/digbib/view?pid=kin-001:1919:9::138
Kinema,9,8,1919,https://www.e-periodica.ch/digbib/view?pid=kin-001:1919:9::158
Kinema,9,9,1919,https://www.e-periodica.ch/digbib/view?pid=kin-001:1919:9::174
Kinema,9,10,1919,https://www.e-periodica.ch/digbib/view?pid=kin-001:1919:9::190
Kinema,9,11,1919,https://www.e-periodica.ch/digbib/view?pid=kin-001:1919:9::202
Kinema,9,12,1919,https://www.e-periodica.ch/digbib/view?pid=kin-001:1919:9::214
Kinema,9,13,1919,https://www.e-periodica.ch/digbib/view?pid=kin-001:1919:9::286
Kinema,9,14,1919,https://www.e-periodica.ch/digbib/view?pid=kin-001:1919:9::306
Kinema,9,15,1919,https://www.e-periodica.ch/digbib/view?pid=kin-001:1919:9::318
Kinema,9,16,1919,https://www.e-periodica.ch/digbib/view?pid=kin-001:1919:9::376
Kinema,9,17,1919,https://www.e-periodica.ch/digbib/view?pid=kin-001:1919:9::416
Kinema,9,18,1919,https://www.e-periodica.ch/digbib/view?pid=kin-001:1919:9::428
Kinema,9,19,1919,https://www.e-periodica.ch/digbib/view?pid=kin-001:1919:9::460
Kinema,9,20,1919,https://www.e-periodica.ch/digbib/view?pid=kin-001:1919:9::472
Kinema,9,21,1919,https://www.e-periodica.ch/digbib/view?pid=kin-001:1919:9::484
Kinema,9,22,1919,https://www.e-periodica.ch/digbib/view?pid=kin-001:1919:9::500
Kinema,9,23,1919,https://www.e-periodica.ch/digbib/view?pid=kin-001:1919:9::985
Kinema,9,24,1919,https://www.e-periodica.ch/digbib/view?pid=kin-001:1919:9::522
Kinema,9,25,1919,https://www.e-periodica.ch/digbib/view?pid=kin-001:1919:9::551
Kinema,9,26,1919,https://www.e-periodica.ch/digbib/view?pid=kin-001:1919:9::987
Kinema,9,27,1919,https://www.e-periodica.ch/digbib/view?pid=kin-001:1919:9::629
Kinema,9,28,1919,https://www.e-periodica.ch/digbib/view?pid=kin-001:1919:9::665
Kinema,9,29,1919,https://www.e-periodica.ch/digbib/view?pid=kin-001:1919:9::701
Kinema,9,30,1919,https://www.e-periodica.ch/digbib/view?pid=kin-001:1919:9::715
Kinema,9,31,1919,https://www.e-periodica.ch/digbib/view?pid=kin-001:1919:9::717
Kinema,9,32,1919,https://www.e-periodica.ch/digbib/view?pid=kin-001:1919:9::731
Kinema,9,33,1919,https://www.e-periodica.ch/digbib/view?pid=kin-001:1919:9::745
Kinema,9,34,1919,https://www.e-periodica.ch/digbib/view?pid=kin-001:1919:9::761
Kinema,9,35,1919,https://www.e-periodica.ch/digbib/view?pid=kin-001:1919:9::773
Kinema,9,36,1919,https://www.e-periodica.ch/digbib/view?pid=kin-001:1919:9::787
Kinema,9,37,1919,https://www.e-periodica.ch/digbib/view?pid=kin-001:1919:9::801
Kinema,9,38,1919,https://www.e-periodica.ch/digbib/view?pid=kin-001:1919:9::815
Kinema,9,39,1919,https://www.e-periodica.ch/digbib/view?pid=kin-001:1919:9::827
Kinema,9,40,1919,https://www.e-periodica.ch/digbib/view?pid=kin-001:1919:9::841
Kinema,9,41,1919,https://www.e-periodica.ch/digbib/view?pid=kin-001:1919:9::855
Kinema,9,42,1919,https://www.e-periodica.ch/digbib/view?pid=kin-001:1919:9::869
Kinema,9,43,1919,https://www.e-periodica.ch/digbib/view?pid=kin-001:1919:9::883
Kinema,8,1,1918,https://www.e-periodica.ch/digbib/view?pid=kin-001:1918:8::937
Kinema,8,2,1918,https://www.e-periodica.ch/digbib/view?pid=kin-001:1918:8::65
Kinema,8,3,1918,https://www.e-periodica.ch/digbib/view?pid=kin-001:1918:8::82
Kinema,8,4,1918,https://www.e-periodica.ch/digbib/view?pid=kin-001:1918:8::95
Kinema,8,5,1918,https://www.e-periodica.ch/digbib/view?pid=kin-001:1918:8::107
Kinema,8,6,1918,https://www.e-periodica.ch/digbib/view?pid=kin-001:1918:8::151
Kinema,8,7,1918,https://www.e-periodica.ch/digbib/view?pid=kin-001:1918:8::172
Kinema,8,8,1918,https://www.e-periodica.ch/digbib/view?pid=kin-001:1918:8::184
Kinema,8,9,1918,https://www.e-periodica.ch/digbib/view?pid=kin-001:1918:8::201
Kinema,8,10,1918,https://www.e-periodica.ch/digbib/view?pid=kin-001:1918:8::241
Kinema,8,11,1918,https://www.e-periodica.ch/digbib/view?pid=kin-001:1918:8::261
Kinema,8,12,1918,https://www.e-periodica.ch/digbib/view?pid=kin-001:1918:8::271
Kinema,8,13,1918,https://www.e-periodica.ch/digbib/view?pid=kin-001:1918:8::291
Kinema,8,14,1918,https://www.e-periodica.ch/digbib/view?pid=kin-001:1918:8::307
Kinema,8,15,1918,https://www.e-periodica.ch/digbib/view?pid=kin-001:1918:8::327
Kinema,8,16,1918,https://www.e-periodica.ch/digbib/view?pid=kin-001:1918:8::347
Kinema,8,17,1918,https://www.e-periodica.ch/digbib/view?pid=kin-001:1918:8::359
Kinema,8,18,1918,https://www.e-periodica.ch/digbib/view?pid=kin-001:1918:8::379
Kinema,8,19,1918,https://www.e-periodica.ch/digbib/view?pid=kin-001:1918:8::399
Kinema,8,20,1918,https://www.e-periodica.ch/digbib/view?pid=kin-001:1918:8::411
Kinema,8,21,1918,https://www.e-periodica.ch/digbib/view?pid=kin-001:1918:8::1296
Kinema,8,22,1918,https://www.e-periodica.ch/digbib/view?pid=kin-001:1918:8::435
Kinema,8,23,1918,https://www.e-periodica.ch/digbib/view?pid=kin-001:1918:8::447
Kinema,8,24,1918,https://www.e-periodica.ch/digbib/view?pid=kin-001:1918:8::459
Kinema,8,25,1918,https://www.e-periodica.ch/digbib/view?pid=kin-001:1918:8::471
Kinema,8,26,1918,https://www.e-periodica.ch/digbib/view?pid=kin-001:1918:8::483
Kinema,8,27,1918,https://www.e-periodica.ch/digbib/view?pid=kin-001:1918:8::499
Kinema,8,28,1918,https://www.e-periodica.ch/digbib/view?pid=kin-001:1918:8::515
Kinema,8,29,1918,https://www.e-periodica.ch/digbib/view?pid=kin-001:1918:8::527
Kinema,8,30,1918,https://www.e-periodica.ch/digbib/view?pid=kin-001:1918:8::539
Kinema,8,31,1918,https://www.e-periodica.ch/digbib/view?pid=kin-001:1918:8::551
Kinema,8,32,1918,https://www.e-periodica.ch/digbib/view?pid=kin-001:1918:8::563
Kinema,8,33,1918,https://www.e-periodica.ch/digbib/view?pid=kin-001:1918:8::575
Kinema,8,34,1918,https://www.e-periodica.ch/digbib/view?pid=kin-001:1918:8::587
Kinema,8,35,1918,https://www.e-periodica.ch/digbib/view?pid=kin-001:1918:8::599
Kinema,8,36,1918,https://www.e-periodica.ch/digbib/view?pid=kin-001:1918:8::631
Kinema,8,37,1918,https://www.e-periodica.ch/digbib/view?pid=kin-001:1918:8::647
Kinema,8,38,1918,https://www.e-periodica.ch/digbib/view?pid=kin-001:1918:8::667
Kinema,8,39,1918,https://www.e-periodica.ch/digbib/view?pid=kin-001:1918:8::683
Kinema,8,40,1918,https://www.e-periodica.ch/digbib/view?pid=kin-001:1918:8::707
Kinema,8,41,1918,https://www.e-periodica.ch/digbib/view?pid=kin-001:1918:8::740
Kinema,8,42,1918,https://www.e-periodica.ch/digbib/view?pid=kin-001:1918:8::752
Kinema,8,43,1918,https://www.e-periodica.ch/digbib/view?pid=kin-001:1918:8::764
Kinema,8,44,1918,https://www.e-periodica.ch/digbib/view?pid=kin-001:1918:8::776
Kinema,8,45,1918,https://www.e-periodica.ch/digbib/view?pid=kin-001:1918:8::792
Kinema,8,46,1918,https://www.e-periodica.ch/digbib/view?pid=kin-001:1918:8::804
Kinema,8,47,1918,https://www.e-periodica.ch/digbib/view?pid=kin-001:1918:8::816
Kinema,8,48,1918,https://www.e-periodica.ch/digbib/view?pid=kin-001:1918:8::828
Kinema,8,49,1918,https://www.e-periodica.ch/digbib/view?pid=kin-001:1918:8::840
Kinema,8,50,1918,https://www.e-periodica.ch/digbib/view?pid=kin-001:1918:8::852
Kinema,7,1,1917,https://www.e-periodica.ch/digbib/view?pid=kin-001:1917:7::55
Kinema,7,2,1917,https://www.e-periodica.ch/digbib/view?pid=kin-001:1917:7::75
Kinema,7,3,1917,https://www.e-periodica.ch/digbib/view?pid=kin-001:1917:7::91
Kinema,7,4,1917,https://www.e-periodica.ch/digbib/view?pid=kin-001:1917:7::107
Kinema,7,5,1917,https://www.e-periodica.ch/digbib/view?pid=kin-001:1917:7::119
Kinema,7,6,1917,https://www.e-periodica.ch/digbib/view?pid=kin-001:1917:7::136
Kinema,7,7,1917,https://www.e-periodica.ch/digbib/view?pid=kin-001:1917:7::153
Kinema,7,8,1917,https://www.e-periodica.ch/digbib/view?pid=kin-001:1917:7::201
Kinema,7,9,1917,https://www.e-periodica.ch/digbib/view?pid=kin-001:1917:7::217
Kinema,7,10,1917,https://www.e-periodica.ch/digbib/view?pid=kin-001:1917:7::229
Kinema,7,11,1917,https://www.e-periodica.ch/digbib/view?pid=kin-001:1917:7::241
Kinema,7,12,1917,https://www.e-periodica.ch/digbib/view?pid=kin-001:1917:7::257
Kinema,7,13,1917,https://www.e-periodica.ch/digbib/view?pid=kin-001:1917:7::269
Kinema,7,14,1917,https://www.e-periodica.ch/digbib/view?pid=kin-001:1917:7::293
Kinema,7,15,1917,https://www.e-periodica.ch/digbib/view?pid=kin-001:1917:7::305
Kinema,7,16,1917,https://www.e-periodica.ch/digbib/view?pid=kin-001:1917:7::317
Kinema,7,17,1917,https://www.e-periodica.ch/digbib/view?pid=kin-001:1917:7::329
Kinema,7,18,1917,https://www.e-periodica.ch/digbib/view?pid=kin-001:1917:7::345
Kinema,7,19,1917,https://www.e-periodica.ch/digbib/view?pid=kin-001:1917:7::369
Kinema,7,20,1917,https://www.e-periodica.ch/digbib/view?pid=kin-001:1917:7::381
Kinema,7,21,1917,https://www.e-periodica.ch/digbib/view?pid=kin-001:1917:7::393
Kinema,7,22,1917,https://www.e-periodica.ch/digbib/view?pid=kin-001:1917:7::405
Kinema,7,23,1917,https://www.e-periodica.ch/digbib/view?pid=kin-001:1917:7::417
Kinema,7,24,1917,https://www.e-periodica.ch/digbib/view?pid=kin-001:1917:7::437
Kinema,7,25,1917,https://www.e-periodica.ch/digbib/view?pid=kin-001:1917:7::449
Kinema,7,26,1917,https://www.e-periodica.ch/digbib/view?pid=kin-001:1917:7::461
Kinema,7,27,1917,https://www.e-periodica.ch/digbib/view?pid=kin-001:1917:7::473
Kinema,7,28,1917,https://www.e-periodica.ch/digbib/view?pid=kin-001:1917:7::485
Kinema,7,29,1917,https://www.e-periodica.ch/digbib/view?pid=kin-001:1917:7::497
Kinema,7,30,1917,https://www.e-periodica.ch/digbib/view?pid=kin-001:1917:7::531
Kinema,7,31,1917,https://www.e-periodica.ch/digbib/view?pid=kin-001:1917:7::543
Kinema,7,32,1917,https://www.e-periodica.ch/digbib/view?pid=kin-001:1917:7::555
Kinema,7,33,1917,https://www.e-periodica.ch/digbib/view?pid=kin-001:1917:7::567
Kinema,7,34,1917,https://www.e-periodica.ch/digbib/view?pid=kin-001:1917:7::579
Kinema,7,35,1917,https://www.e-periodica.ch/digbib/view?pid=kin-001:1917:7::595
Kinema,7,36,1917,https://www.e-periodica.ch/digbib/view?pid=kin-001:1917:7::607
Kinema,7,37,1917,https://www.e-periodica.ch/digbib/view?pid=kin-001:1917:7::634
Kinema,7,38,1917,https://www.e-periodica.ch/digbib/view?pid=kin-001:1917:7::1199
Kinema,7,39,1917,https://www.e-periodica.ch/digbib/view?pid=kin-001:1917:7::670
Kinema,7,40,1917,https://www.e-periodica.ch/digbib/view?pid=kin-001:1917:7::690
Kinema,7,41,1917,https://www.e-periodica.ch/digbib/view?pid=kin-001:1917:7::730
Kinema,7,42,1917,https://www.e-periodica.ch/digbib/view?pid=kin-001:1917:7::742
Kinema,7,43,1917,https://www.e-periodica.ch/digbib/view?pid=kin-001:1917:7::754
Kinema,7,44,1917,https://www.e-periodica.ch/digbib/view?pid=kin-001:1917:7::766
Kinema,7,45,1917,https://www.e-periodica.ch/digbib/view?pid=kin-001:1917:7::778
Kinema,7,46,1917,https://www.e-periodica.ch/digbib/view?pid=kin-001:1917:7::790
Kinema,7,47,1917,https://www.e-periodica.ch/digbib/view?pid=kin-001:1917:7::810
Kinema,7,48,1917,https://www.e-periodica.ch/digbib/view?pid=kin-001:1917:7::822
Kinema,7,49,1917,https://www.e-periodica.ch/digbib/view?pid=kin-001:1917:7::840
Kinema,7,50,1917,https://www.e-periodica.ch/digbib/view?pid=kin-001:1917:7::872
Kinema,7,51,1917,https://www.e-periodica.ch/digbib/view?pid=kin-001:1917:7::900
Kinema,6,1,1916,https://www.e-periodica.ch/digbib/view?pid=kin-001:1916:6::55
Kinema,6,2,1916,https://www.e-periodica.ch/digbib/view?pid=kin-001:1916:6::2418
Kinema,6,3,1916,https://www.e-periodica.ch/digbib/view?pid=kin-001:1916:6::68
Kinema,6,4,1916,https://www.e-periodica.ch/digbib/view?pid=kin-001:1916:6::81
Kinema,6,5,1916,https://www.e-periodica.ch/digbib/view?pid=kin-001:1916:6::94
Kinema,6,6,1916,https://www.e-periodica.ch/digbib/view?pid=kin-001:1916:6::108
Kinema,6,7,1916,https://www.e-periodica.ch/digbib/view?pid=kin-001:1916:6::121
Kinema,6,8,1916,https://www.e-periodica.ch/digbib/view?pid=kin-001:1916:6::135
Kinema,6,9,1916,https://www.e-periodica.ch/digbib/view?pid=kin-001:1916:6::149
Kinema,6,10,1916,https://www.e-periodica.ch/digbib/view?pid=kin-001:1916:6::169
Kinema,6,11,1916,https://www.e-periodica.ch/digbib/view?pid=kin-001:1916:6::185
Kinema,6,12,1916,https://www.e-periodica.ch/digbib/view?pid=kin-001:1916:6::201
Kinema,6,13,1916,https://www.e-periodica.ch/digbib/view?pid=kin-001:1916:6::217
Kinema,6,14,1916,https://www.e-periodica.ch/digbib/view?pid=kin-001:1916:6::233
Kinema,6,15,1916,https://www.e-periodica.ch/digbib/view?pid=kin-001:1916:6::249
Kinema,6,16,1916,https://www.e-periodica.ch/digbib/view?pid=kin-001:1916:6::265
Kinema,6,17,1916,https://www.e-periodica.ch/digbib/view?pid=kin-001:1916:6::281
Kinema,6,18,1916,https://www.e-periodica.ch/digbib/view?pid=kin-001:1916:6::297
Kinema,6,19,1916,https://www.e-periodica.ch/digbib/view?pid=kin-001:1916:6::313
Kinema,6,20,1916,https://www.e-periodica.ch/digbib/view?pid=kin-001:1916:6::329
Kinema,6,21,1916,https://www.e-periodica.ch/digbib/view?pid=kin-001:1916:6::345
Kinema,6,22,1916,https://www.e-periodica.ch/digbib/view?pid=kin-001:1916:6::360
Kinema,6,23,1916,https://www.e-periodica.ch/digbib/view?pid=kin-001:1916:6::376
Kinema,6,24,1916,https://www.e-periodica.ch/digbib/view?pid=kin-001:1916:6::392
Kinema,6,25,1916,https://www.e-periodica.ch/digbib/view?pid=kin-001:1916:6::408
Kinema,6,26,1916,https://www.e-periodica.ch/digbib/view?pid=kin-001:1916:6::423
Kinema,6,27,1916,https://www.e-periodica.ch/digbib/view?pid=kin-001:1916:6::439
Kinema,6,28,1916,https://www.e-periodica.ch/digbib/view?pid=kin-001:1916:6::455
Kinema,6,29,1916,https://www.e-periodica.ch/digbib/view?pid=kin-001:1916:6::471
Kinema,6,30,1916,https://www.e-periodica.ch/digbib/view?pid=kin-001:1916:6::487
Kinema,6,31,1916,https://www.e-periodica.ch/digbib/view?pid=kin-001:1916:6::519
Kinema,6,32,1916,https://www.e-periodica.ch/digbib/view?pid=kin-001:1916:6::547
Kinema,6,33,1916,https://www.e-periodica.ch/digbib/view?pid=kin-001:1916:6::575
Kinema,6,34,1916,https://www.e-periodica.ch/digbib/view?pid=kin-001:1916:6::603
Kinema,6,35,1916,https://www.e-periodica.ch/digbib/view?pid=kin-001:1916:6::631
Kinema,6,36,1916,https://www.e-periodica.ch/digbib/view?pid=kin-001:1916:6::659
Kinema,6,37,1916,https://www.e-periodica.ch/digbib/view?pid=kin-001:1916:6::679
Kinema,6,38,1916,https://www.e-periodica.ch/digbib/view?pid=kin-001:1916:6::699
Kinema,6,39,1916,https://www.e-periodica.ch/digbib/view?pid=kin-001:1916:6::779
Kinema,6,40,1916,https://www.e-periodica.ch/digbib/view?pid=kin-001:1916:6::803
Kinema,6,41,1916,https://www.e-periodica.ch/digbib/view?pid=kin-001:1916:6::835
Kinema,6,42,1916,https://www.e-periodica.ch/digbib/view?pid=kin-001:1916:6::851
Kinema,6,43,1916,https://www.e-periodica.ch/digbib/view?pid=kin-001:1916:6::867
Kinema,6,44,1916,https://www.e-periodica.ch/digbib/view?pid=kin-001:1916:6::883
Kinema,6,45,1916,https://www.e-periodica.ch/digbib/view?pid=kin-001:1916:6::899
Kinema,6,46,1916,https://www.e-periodica.ch/digbib/view?pid=kin-001:1916:6::915
Kinema,6,47,1916,https://www.e-periodica.ch/digbib/view?pid=kin-001:1916:6::927
Kinema,6,48,1916,https://www.e-periodica.ch/digbib/view?pid=kin-001:1916:6::971
Kinema,6,49,1916,https://www.e-periodica.ch/digbib/view?pid=kin-001:1916:6::991
Kinema,6,50,1916,https://www.e-periodica.ch/digbib/view?pid=kin-001:1916:6::1007
Kinema,6,51,1916,https://www.e-periodica.ch/digbib/view?pid=kin-001:1916:6::1039
Kinema,6,52,1916,https://www.e-periodica.ch/digbib/view?pid=kin-001:1916:6::1055
Kinema,5,1,1915,https://www.e-periodica.ch/digbib/view?pid=kin-001:1915:5::5
Kinema,5,2,1915,https://www.e-periodica.ch/digbib/view?pid=kin-001:1915:5::14
Kinema,5,3,1915,https://www.e-periodica.ch/digbib/view?pid=kin-001:1915:5::23
Kinema,5,4,1915,https://www.e-periodica.ch/digbib/view?pid=kin-001:1915:5::40
Kinema,5,5,1915,https://www.e-periodica.ch/digbib/view?pid=kin-001:1915:5::47
Kinema,5,6,1915,https://www.e-periodica.ch/digbib/view?pid=kin-001:1915:5::64
Kinema,5,7,1915,https://www.e-periodica.ch/digbib/view?pid=kin-001:1915:5::81
Kinema,5,8,1915,https://www.e-periodica.ch/digbib/view?pid=kin-001:1915:5::98
Kinema,5,9,1915,https://www.e-periodica.ch/digbib/view?pid=kin-001:1915:5::115
Kinema,5,10,1915,https://www.e-periodica.ch/digbib/view?pid=kin-001:1915:5::132
Kinema,5,11,1915,https://www.e-periodica.ch/digbib/view?pid=kin-001:1915:5::149
Kinema,5,12,1915,https://www.e-periodica.ch/digbib/view?pid=kin-001:1915:5::166
Kinema,5,13,1915,https://www.e-periodica.ch/digbib/view?pid=kin-001:1915:5::183
Kinema,5,14,1915,https://www.e-periodica.ch/digbib/view?pid=kin-001:1915:5::200
Kinema,5,15-16,1915,https://www.e-periodica.ch/digbib/view?pid=kin-001:1915:5::217
Kinema,5,17,1915,https://www.e-periodica.ch/digbib/view?pid=kin-001:1915:5::230
Kinema,5,18,1915,https://www.e-periodica.ch/digbib/view?pid=kin-001:1915:5::247
Kinema,5,19,1915,https://www.e-periodica.ch/digbib/view?pid=kin-001:1915:5::264
Kinema,5,20,1915,https://www.e-periodica.ch/digbib/view?pid=kin-001:1915:5::281
Kinema,5,21,1915,https://www.e-periodica.ch/digbib/view?pid=kin-001:1915:5::298
Kinema,5,22,1915,https://www.e-periodica.ch/digbib/view?pid=kin-001:1915:5::315
Kinema,5,23,1915,https://www.e-periodica.ch/digbib/view?pid=kin-001:1915:5::332
Kinema,5,24,1915,https://www.e-periodica.ch/digbib/view?pid=kin-001:1915:5::349
Kinema,5,25,1915,https://www.e-periodica.ch/digbib/view?pid=kin-001:1915:5::366
Kinema,5,26,1915,https://www.e-periodica.ch/digbib/view?pid=kin-001:1915:5::383
Kinema,5,27,1915,https://www.e-periodica.ch/digbib/view?pid=kin-001:1915:5::400
Kinema,5,28,1915,https://www.e-periodica.ch/digbib/view?pid=kin-001:1915:5::417
Kinema,5,29,1915,https://www.e-periodica.ch/digbib/view?pid=kin-001:1915:5::434
Kinema,5,30,1915,https://www.e-periodica.ch/digbib/view?pid=kin-001:1915:5::451
Kinema,5,31,1915,https://www.e-periodica.ch/digbib/view?pid=kin-001:1915:5::467
Kinema,5,32,1915,https://www.e-periodica.ch/digbib/view?pid=kin-001:1915:5::482
Kinema,5,33,1915,https://www.e-periodica.ch/digbib/view?pid=kin-001:1915:5::495
Kinema,5,34,1915,https://www.e-periodica.ch/digbib/view?pid=kin-001:1915:5::509
Kinema,5,35,1915,https://www.e-periodica.ch/digbib/view?pid=kin-001:1915:5::522
Kinema,5,36,1915,https://www.e-periodica.ch/digbib/view?pid=kin-001:1915:5::538
Kinema,5,37,1915,https://www.e-periodica.ch/digbib/view?pid=kin-001:1915:5::561
Kinema,5,38,1915,https://www.e-periodica.ch/digbib/view?pid=kin-001:1915:5::2339
Kinema,5,39,1915,https://www.e-periodica.ch/digbib/view?pid=kin-001:1915:5::586
Kinema,5,40,1915,https://www.e-periodica.ch/digbib/view?pid=kin-001:1915:5::607
Kinema,5,41,1915,https://www.e-periodica.ch/digbib/view?pid=kin-001:1915:5::624
Kinema,5,42,1915,https://www.e-periodica.ch/digbib/view?pid=kin-001:1915:5::641
Kinema,5,43,1915,https://www.e-periodica.ch/digbib/view?pid=kin-001:1915:5::658
Kinema,5,44,1915,https://www.e-periodica.ch/digbib/view?pid=kin-001:1915:5::675
Kinema,5,45,1915,https://www.e-periodica.ch/digbib/view?pid=kin-001:1915:5::692
Kinema,5,46,1915,https://www.e-periodica.ch/digbib/view?pid=kin-001:1915:5::709
Kinema,5,47,1915,https://www.e-periodica.ch/digbib/view?pid=kin-001:1915:5::726
Kinema,5,48,1915,https://www.e-periodica.ch/digbib/view?pid=kin-001:1915:5::743
Kinema,5,49,1915,https://www.e-periodica.ch/digbib/view?pid=kin-001:1915:5::760
Kinema,5,50,1915,https://www.e-periodica.ch/digbib/view?pid=kin-001:1915:5::777
Kinema,5,51,1915,https://www.e-periodica.ch/digbib/view?pid=kin-001:1915:5::794
Kinema,5,52,1915,https://www.e-periodica.ch/digbib/view?pid=kin-001:1915:5::811
Kinema,4,1,1914,https://www.e-periodica.ch/digbib/view?pid=kin-001:1914:4::41
Kinema,4,2,1914,https://www.e-periodica.ch/digbib/view?pid=kin-001:1914:4::57
Kinema,4,3,1914,https://www.e-periodica.ch/digbib/view?pid=kin-001:1914:4::73
Kinema,4,4,1914,https://www.e-periodica.ch/digbib/view?pid=kin-001:1914:4::93
Kinema,4,5,1914,https://www.e-periodica.ch/digbib/view?pid=kin-001:1914:4::109
Kinema,4,6,1914,https://www.e-periodica.ch/digbib/view?pid=kin-001:1914:4::125
Kinema,4,7,1914,https://www.e-periodica.ch/digbib/view?pid=kin-001:1914:4::141
Kinema,4,8,1914,https://www.e-periodica.ch/digbib/view?pid=kin-001:1914:4::161
Kinema,4,9,1914,https://www.e-periodica.ch/digbib/view?pid=kin-001:1914:4::177
Kinema,4,10,1914,https://www.e-periodica.ch/digbib/view?pid=kin-001:1914:4::193
Kinema,4,11,1914,https://www.e-periodica.ch/digbib/view?pid=kin-001:1914:4::209
Kinema,4,12,1914,https://www.e-periodica.ch/digbib/view?pid=kin-001:1914:4::225
Kinema,4,13,1914,https://www.e-periodica.ch/digbib/view?pid=kin-001:1914:4::241
Kinema,4,14,1914,https://www.e-periodica.ch/digbib/view?pid=kin-001:1914:4::257
Kinema,4,15,1914,https://www.e-periodica.ch/digbib/view?pid=kin-001:1914:4::2194
Kinema,4,16-17,1914,https://www.e-periodica.ch/digbib/view?pid=kin-001:1914:4::277
Kinema,4,18,1914,https://www.e-periodica.ch/digbib/view?pid=kin-001:1914:4::297
Kinema,4,19,1914,https://www.e-periodica.ch/digbib/view?pid=kin-001:1914:4::313
Kinema,4,20,1914,https://www.e-periodica.ch/digbib/view?pid=kin-001:1914:4::329
Kinema,4,21,1914,https://www.e-periodica.ch/digbib/view?pid=kin-001:1914:4::341
Kinema,4,22,1914,https://www.e-periodica.ch/digbib/view?pid=kin-001:1914:4::357
Kinema,4,23,1914,https://www.e-periodica.ch/digbib/view?pid=kin-001:1914:4::373
Kinema,4,24,1914,https://www.e-periodica.ch/digbib/view?pid=kin-001:1914:4::389
Kinema,4,25,1914,https://www.e-periodica.ch/digbib/view?pid=kin-001:1914:4::405
Kinema,4,26,1914,https://www.e-periodica.ch/digbib/view?pid=kin-001:1914:4::425
Kinema,4,27,1914,https://www.e-periodica.ch/digbib/view?pid=kin-001:1914:4::443
Kinema,4,28,1914,https://www.e-periodica.ch/digbib/view?pid=kin-001:1914:4::459
Kinema,4,29,1914,https://www.e-periodica.ch/digbib/view?pid=kin-001:1914:4::475
Kinema,4,30,1914,https://www.e-periodica.ch/digbib/view?pid=kin-001:1914:4::491
Kinema,4,31,1914,https://www.e-periodica.ch/digbib/view?pid=kin-001:1914:4::507
Kinema,4,32,1914,https://www.e-periodica.ch/digbib/view?pid=kin-001:1914:4::523
Kinema,4,Specialissue,1914,https://www.e-periodica.ch/digbib/view?pid=kin-001:1914:4::539
Kinema,4,33,1914,https://www.e-periodica.ch/digbib/view?pid=kin-001:1914:4::541
Kinema,4,34,1914,https://www.e-periodica.ch/digbib/view?pid=kin-001:1914:4::557
Kinema,4,35,1914,https://www.e-periodica.ch/digbib/view?pid=kin-001:1914:4::573
Kinema,4,36,1914,https://www.e-periodica.ch/digbib/view?pid=kin-001:1914:4::589
Kinema,4,37,1914,https://www.e-periodica.ch/digbib/view?pid=kin-001:1914:4::605
Kinema,4,38,1914,https://www.e-periodica.ch/digbib/view?pid=kin-001:1914:4::613
Kinema,4,39,1914,https://www.e-periodica.ch/digbib/view?pid=kin-001:1914:4::621
Kinema,3,10,1913,https://www.e-periodica.ch/digbib/view?pid=kin-001:1913:3::46
Kinema,3,11,1913,https://www.e-periodica.ch/digbib/view?pid=kin-001:1913:3::66
Kinema,3,12,1913,https://www.e-periodica.ch/digbib/view?pid=kin-001:1913:3::86
Kinema,3,13,1913,https://www.e-periodica.ch/digbib/view?pid=kin-001:1913:3::106
Kinema,3,14,1913,https://www.e-periodica.ch/digbib/view?pid=kin-001:1913:3::126
Kinema,3,15,1913,https://www.e-periodica.ch/digbib/view?pid=kin-001:1913:3::146
Kinema,3,16,1913,https://www.e-periodica.ch/digbib/view?pid=kin-001:1913:3::166
Kinema,3,17,1913,https://www.e-periodica.ch/digbib/view?pid=kin-001:1913:3::186
Kinema,3,18,1913,https://www.e-periodica.ch/digbib/view?pid=kin-001:1913:3::206
Kinema,3,19,1913,https://www.e-periodica.ch/digbib/view?pid=kin-001:1913:3::226
Kinema,3,20,1913,https://www.e-periodica.ch/digbib/view?pid=kin-001:1913:3::246
Kinema,3,21,1913,https://www.e-periodica.ch/digbib/view?pid=kin-001:1913:3::266
Kinema,3,22,1913,https://www.e-periodica.ch/digbib/view?pid=kin-001:1913:3::286
Kinema,3,23,1913,https://www.e-periodica.ch/digbib/view?pid=kin-001:1913:3::306
Kinema,3,24,1913,https://www.e-periodica.ch/digbib/view?pid=kin-001:1913:3::326
Kinema,3,25,1913,https://www.e-periodica.ch/digbib/view?pid=kin-001:1913:3::346
Kinema,3,26,1913,https://www.e-periodica.ch/digbib/view?pid=kin-001:1913:3::366
Kinema,3,27,1913,https://www.e-periodica.ch/digbib/view?pid=kin-001:1913:3::382
Kinema,3,28,1913,https://www.e-periodica.ch/digbib/view?pid=kin-001:1913:3::398
Kinema,3,29,1913,https://www.e-periodica.ch/digbib/view?pid=kin-001:1913:3::414
Kinema,3,30,1913,https://www.e-periodica.ch/digbib/view?pid=kin-001:1913:3::430
Kinema,3,31,1913,https://www.e-periodica.ch/digbib/view?pid=kin-001:1913:3::442
Kinema,3,32,1913,https://www.e-periodica.ch/digbib/view?pid=kin-001:1913:3::458
Kinema,3,33,1913,https://www.e-periodica.ch/digbib/view?pid=kin-001:1913:3::474
Kinema,3,34,1913,https://www.e-periodica.ch/digbib/view?pid=kin-001:1913:3::490
Kinema,3,35,1913,https://www.e-periodica.ch/digbib/view?pid=kin-001:1913:3::506
Kinema,3,36,1913,https://www.e-periodica.ch/digbib/view?pid=kin-001:1913:3::522
Kinema,3,37,1913,https://www.e-periodica.ch/digbib/view?pid=kin-001:1913:3::538
Kinema,3,38,1913,https://www.e-periodica.ch/digbib/view?pid=kin-001:1913:3::2198
Kinema,3,39,1913,https://www.e-periodica.ch/digbib/view?pid=kin-001:1913:3::554
Kinema,3,40,1913,https://www.e-periodica.ch/digbib/view?pid=kin-001:1913:3::574
Kinema,3,41,1913,https://www.e-periodica.ch/digbib/view?pid=kin-001:1913:3::594
Kinema,3,42,1913,https://www.e-periodica.ch/digbib/view?pid=kin-001:1913:3::610
Kinema,3,43,1913,https://www.e-periodica.ch/digbib/view?pid=kin-001:1913:3::626
Kinema,3,44,1913,https://www.e-periodica.ch/digbib/view?pid=kin-001:1913:3::646
Kinema,3,45,1913,https://www.e-periodica.ch/digbib/view?pid=kin-001:1913:3::662
Kinema,3,46,1913,https://www.e-periodica.ch/digbib/view?pid=kin-001:1913:3::678
Kinema,3,47,1913,https://www.e-periodica.ch/digbib/view?pid=kin-001:1913:3::694
Kinema,3,48,1913,https://www.e-periodica.ch/digbib/view?pid=kin-001:1913:3::710
Kinema,3,49,1913,https://www.e-periodica.ch/digbib/view?pid=kin-001:1913:3::726
Kinema,3,50,1913,https://www.e-periodica.ch/digbib/view?pid=kin-001:1913:3::742
Kinema,3,51,1913,https://www.e-periodica.ch/digbib/view?pid=kin-001:1913:3::758
Kinema,3,52,1913,https://www.e-periodica.ch/digbib/view?pid=kin-001:1913:3::774
Zappelnde Leinwand : eine Wochenschrift fürs Kinopublikum,,1,1924,https://www.e-periodica.ch/digbib/view?pid=ifz-001:1924:0::4
Zappelnde Leinwand : eine Wochenschrift fürs Kinopublikum,,2,1924,https://www.e-periodica.ch/digbib/view?pid=ifz-001:1924:0::20
Zappelnde Leinwand : eine Wochenschrift fürs Kinopublikum,,3,1924,https://www.e-periodica.ch/digbib/view?pid=ifz-001:1924:0::36
Zappelnde Leinwand : eine Wochenschrift fürs Kinopublikum,,4,1924,https://www.e-periodica.ch/digbib/view?pid=ifz-001:1924:0::52
Zappelnde Leinwand : eine Wochenschrift fürs Kinopublikum,,5,1924,https://www.e-periodica.ch/digbib/view?pid=ifz-001:1924:0::68
Zappelnde Leinwand : eine Wochenschrift fürs Kinopublikum,,6,1924,https://www.e-periodica.ch/digbib/view?pid=ifz-001:1924:0::84
Zappelnde Leinwand : eine Wochenschrift fürs Kinopublikum,,7,1924,https://www.e-periodica.ch/digbib/view?pid=ifz-001:1924:0::100
Zappelnde Leinwand : eine Wochenschrift fürs Kinopublikum,,8,1924,https://www.e-periodica.ch/digbib/view?pid=ifz-001:1924:0::116
Zappelnde Leinwand : eine Wochenschrift fürs Kinopublikum,,9,1924,https://www.e-periodica.ch/digbib/view?pid=ifz-001:1924:0::132
Zappelnde Leinwand : eine Wochenschrift fürs Kinopublikum,,10,1924,https://www.e-periodica.ch/digbib/view?pid=ifz-001:1924:0::148
Zappelnde Leinwand : eine Wochenschrift fürs Kinopublikum,,11,1924,https://www.e-periodica.ch/digbib/view?pid=ifz-001:1924:0::164
Zappelnde Leinwand : eine Wochenschrift fürs Kinopublikum,,12,1924,https://www.e-periodica.ch/digbib/view?pid=ifz-001:1924:0::180
Zappelnde Leinwand : eine Wochenschrift fürs Kinopublikum,,13,1924,https://www.e-periodica.ch/digbib/view?pid=ifz-001:1924:0::196
Zappelnde Leinwand : eine Wochenschrift fürs Kinopublikum,,14,1924,https://www.e-periodica.ch/digbib/view?pid=ifz-001:1924:0::212
Zappelnde Leinwand : eine Wochenschrift fürs Kinopublikum,,15,1924,https://www.e-periodica.ch/digbib/view?pid=ifz-001:1924:0::228
Zappelnde Leinwand : eine Wochenschrift fürs Kinopublikum,,16,1924,https://www.e-periodica.ch/digbib/view?pid=ifz-001:1924:0::240
Zappelnde Leinwand : eine Wochenschrift fürs Kinopublikum,,17,1924,https://www.e-periodica.ch/digbib/view?pid=ifz-001:1924:0::252
Zappelnde Leinwand : eine Wochenschrift fürs Kinopublikum,,18,1924,https://www.e-periodica.ch/digbib/view?pid=ifz-001:1924:0::270
Zappelnde Leinwand : eine Wochenschrift fürs Kinopublikum,,19,1924,https://www.e-periodica.ch/digbib/view?pid=ifz-001:1924:0::286
Zappelnde Leinwand : eine Wochenschrift fürs Kinopublikum,,20,1924,https://www.e-periodica.ch/digbib/view?pid=ifz-001:1924:0::302
Zappelnde Leinwand : eine Wochenschrift fürs Kinopublikum,,21,1924,https://www.e-periodica.ch/digbib/view?pid=ifz-001:1924:0::314
Zappelnde Leinwand : eine Wochenschrift fürs Kinopublikum,,22,1924,https://www.e-periodica.ch/digbib/view?pid=ifz-001:1924:0::326
Zappelnde Leinwand : eine Wochenschrift fürs Kinopublikum,,23,1924,https://www.e-periodica.ch/digbib/view?pid=ifz-001:1924:0::338
Zappelnde Leinwand : eine Wochenschrift fürs Kinopublikum,,24,1924,https://www.e-periodica.ch/digbib/view?pid=ifz-001:1924:0::350
Zappelnde Leinwand : eine Wochenschrift fürs Kinopublikum,,25,1924,https://www.e-periodica.ch/digbib/view?pid=ifz-001:1924:0::362
Zappelnde Leinwand : eine Wochenschrift fürs Kinopublikum,,26,1924,https://www.e-periodica.ch/digbib/view?pid=ifz-001:1924:0::374
Zappelnde Leinwand : eine Wochenschrift fürs Kinopublikum,,27,1924,https://www.e-periodica.ch/digbib/view?pid=ifz-001:1924:0::386
Zappelnde Leinwand : eine Wochenschrift fürs Kinopublikum,,28,1924,https://www.e-periodica.ch/digbib/view?pid=ifz-001:1924:0::398
Zappelnde Leinwand : eine Wochenschrift fürs Kinopublikum,,29,1924,https://www.e-periodica.ch/digbib/view?pid=ifz-001:1924:0::410
Zappelnde Leinwand : eine Wochenschrift fürs Kinopublikum,,30,1924,https://www.e-periodica.ch/digbib/view?pid=ifz-001:1924:0::422
Zappelnde Leinwand : eine Wochenschrift fürs Kinopublikum,,31,1924,https://www.e-periodica.ch/digbib/view?pid=ifz-001:1924:0::434
Zappelnde Leinwand : eine Wochenschrift fürs Kinopublikum,,32,1924,https://www.e-periodica.ch/digbib/view?pid=ifz-001:1924:0::447
Zappelnde Leinwand : eine Wochenschrift fürs Kinopublikum,,33,1924,https://www.e-periodica.ch/digbib/view?pid=ifz-001:1924:0::458
Zappelnde Leinwand : eine Wochenschrift fürs Kinopublikum,,34,1924,https://www.e-periodica.ch/digbib/view?pid=ifz-001:1924:0::470
Zappelnde Leinwand : eine Wochenschrift fürs Kinopublikum,,35,1924,https://www.e-periodica.ch/digbib/view?pid=ifz-001:1924:0::482
Zappelnde Leinwand : eine Wochenschrift fürs Kinopublikum,,38 [i.e. 36],1924,https://www.e-periodica.ch/digbib/view?pid=ifz-001:1924:0::494
Zappelnde Leinwand : eine Wochenschrift fürs Kinopublikum,,37,1924,https://www.e-periodica.ch/digbib/view?pid=ifz-001:1924:0::506
Zappelnde Leinwand : eine Wochenschrift fürs Kinopublikum,,1-2,1923,https://www.e-periodica.ch/digbib/view?pid=ifz-001:1923:0::4
Zappelnde Leinwand : eine Wochenschrift fürs Kinopublikum,,3-4,1923,https://www.e-periodica.ch/digbib/view?pid=ifz-001:1923:0::28
Zappelnde Leinwand : eine Wochenschrift fürs Kinopublikum,,5-6,1923,https://www.e-periodica.ch/digbib/view?pid=ifz-001:1923:0::44
Zappelnde Leinwand : eine Wochenschrift fürs Kinopublikum,,7-8,1923,https://www.e-periodica.ch/digbib/view?pid=ifz-001:1923:0::60
Zappelnde Leinwand : eine Wochenschrift fürs Kinopublikum,,9,1923,https://www.e-periodica.ch/digbib/view?pid=ifz-001:1923:0::76
Zappelnde Leinwand : eine Wochenschrift fürs Kinopublikum,,10,1923,https://www.e-periodica.ch/digbib/view?pid=ifz-001:1923:0::92
Zappelnde Leinwand : eine Wochenschrift fürs Kinopublikum,,11,1923,https://www.e-periodica.ch/digbib/view?pid=ifz-001:1923:0::108
Zappelnde Leinwand : eine Wochenschrift fürs Kinopublikum,,12,1923,https://www.e-periodica.ch/digbib/view?pid=ifz-001:1923:0::124
Zappelnde Leinwand : eine Wochenschrift fürs Kinopublikum,,13,1923,https://www.e-periodica.ch/digbib/view?pid=ifz-001:1923:0::140
Zappelnde Leinwand : eine Wochenschrift fürs Kinopublikum,,14,1923,https://www.e-periodica.ch/digbib/view?pid=ifz-001:1923:0::156
Zappelnde Leinwand : eine Wochenschrift fürs Kinopublikum,,15,1923,https://www.e-periodica.ch/digbib/view?pid=ifz-001:1923:0::172
Zappelnde Leinwand : eine Wochenschrift fürs Kinopublikum,,16,1923,https://www.e-periodica.ch/digbib/view?pid=ifz-001:1923:0::188
Zappelnde Leinwand : eine Wochenschrift fürs Kinopublikum,,17,1923,https://www.e-periodica.ch/digbib/view?pid=ifz-001:1923:0::204
Zappelnde Leinwand : eine Wochenschrift fürs Kinopublikum,,18,1923,https://www.e-periodica.ch/digbib/view?pid=ifz-001:1923:0::222
Zappelnde Leinwand : eine Wochenschrift fürs Kinopublikum,,19,1923,https://www.e-periodica.ch/digbib/view?pid=ifz-001:1923:0::238
Zappelnde Leinwand : eine Wochenschrift fürs Kinopublikum,,20,1923,https://www.e-periodica.ch/digbib/view?pid=ifz-001:1923:0::254
Zappelnde Leinwand : eine Wochenschrift fürs Kinopublikum,,21,1923,https://www.e-periodica.ch/digbib/view?pid=ifz-001:1923:0::270
Zappelnde Leinwand : eine Wochenschrift fürs Kinopublikum,,22,1923,https://www.e-periodica.ch/digbib/view?pid=ifz-001:1923:0::286
Zappelnde Leinwand : eine Wochenschrift fürs Kinopublikum,,23,1923,https://www.e-periodica.ch/digbib/view?pid=ifz-001:1923:0::302
Zappelnde Leinwand : eine Wochenschrift fürs Kinopublikum,,24,1923,https://www.e-periodica.ch/digbib/view?pid=ifz-001:1923:0::318
Zappelnde Leinwand : eine Wochenschrift fürs Kinopublikum,,26 [i.e.25],1923,https://www.e-periodica.ch/digbib/view?pid=ifz-001:1923:0::1305
Zappelnde Leinwand : eine Wochenschrift fürs Kinopublikum,,26,1923,https://www.e-periodica.ch/digbib/view?pid=ifz-001:1923:0::340
Zappelnde Leinwand : eine Wochenschrift fürs Kinopublikum,,27,1923,https://www.e-periodica.ch/digbib/view?pid=ifz-001:1923:0::356
Zappelnde Leinwand : eine Wochenschrift fürs Kinopublikum,,28,1923,https://www.e-periodica.ch/digbib/view?pid=ifz-001:1923:0::368
Zappelnde Leinwand : eine Wochenschrift fürs Kinopublikum,,29,1923,https://www.e-periodica.ch/digbib/view?pid=ifz-001:1923:0::384
Zappelnde Leinwand : eine Wochenschrift fürs Kinopublikum,,30,1923,https://www.e-periodica.ch/digbib/view?pid=ifz-001:1923:0::396
Zappelnde Leinwand : eine Wochenschrift fürs Kinopublikum,,31,1923,https://www.e-periodica.ch/digbib/view?pid=ifz-001:1923:0::412
Zappelnde Leinwand : eine Wochenschrift fürs Kinopublikum,,32,1923,https://www.e-periodica.ch/digbib/view?pid=ifz-001:1923:0::424
Zappelnde Leinwand : eine Wochenschrift fürs Kinopublikum,,33,1923,https://www.e-periodica.ch/digbib/view?pid=ifz-001:1923:0::440
Zappelnde Leinwand : eine Wochenschrift fürs Kinopublikum,,34,1923,https://www.e-periodica.ch/digbib/view?pid=ifz-001:1923:0::456
Zappelnde Leinwand : eine Wochenschrift fürs Kinopublikum,,35,1923,https://www.e-periodica.ch/digbib/view?pid=ifz-001:1923:0::470
Zappelnde Leinwand : eine Wochenschrift fürs Kinopublikum,,28 [i.e. 29],1922,https://www.e-periodica.ch/digbib/view?pid=ifz-001:1922:0::4
Zappelnde Leinwand : eine Wochenschrift fürs Kinopublikum,,30,1922,https://www.e-periodica.ch/digbib/view?pid=ifz-001:1922:0::28
Zappelnde Leinwand : eine Wochenschrift fürs Kinopublikum,,31,1922,https://www.e-periodica.ch/digbib/view?pid=ifz-001:1922:0::48
Zappelnde Leinwand : eine Wochenschrift fürs Kinopublikum,,32,1922,https://www.e-periodica.ch/digbib/view?pid=ifz-001:1922:0::72
Zappelnde Leinwand : eine Wochenschrift fürs Kinopublikum,,33,1922,https://www.e-periodica.ch/digbib/view?pid=ifz-001:1922:0::96
Zappelnde Leinwand : eine Wochenschrift fürs Kinopublikum,,34,1922,https://www.e-periodica.ch/digbib/view?pid=ifz-001:1922:0::112
Zappelnde Leinwand : eine Wochenschrift fürs Kinopublikum,,35,1922,https://www.e-periodica.ch/digbib/view?pid=ifz-001:1922:0::128
Zappelnde Leinwand : eine Wochenschrift fürs Kinopublikum,,9,1921,https://www.e-periodica.ch/digbib/view?pid=ifz-001:1921:0::4
Zappelnde Leinwand : eine Wochenschrift fürs Kinopublikum,,10,1921,https://www.e-periodica.ch/digbib/view?pid=ifz-001:1921:0::24
Zappelnde Leinwand : eine Wochenschrift fürs Kinopublikum,,11,1921,https://www.e-periodica.ch/digbib/view?pid=ifz-001:1921:0::44
Zappelnde Leinwand : eine Wochenschrift fürs Kinopublikum,,12,1921,https://www.e-periodica.ch/digbib/view?pid=ifz-001:1921:0::64
Zappelnde Leinwand : eine Wochenschrift fürs Kinopublikum,,13,1921,https://www.e-periodica.ch/digbib/view?pid=ifz-001:1921:0::84
Zappelnde Leinwand : eine Wochenschrift fürs Kinopublikum,,14,1921,https://www.e-periodica.ch/digbib/view?pid=ifz-001:1921:0::104
Zappelnde Leinwand : eine Wochenschrift fürs Kinopublikum,,15,1921,https://www.e-periodica.ch/digbib/view?pid=ifz-001:1921:0::124
Zappelnde Leinwand : eine Wochenschrift fürs Kinopublikum,,16,1921,https://www.e-periodica.ch/digbib/view?pid=ifz-001:1921:0::144
Zappelnde Leinwand : eine Wochenschrift fürs Kinopublikum,,17,1921,https://www.e-periodica.ch/digbib/view?pid=ifz-001:1921:0::164
Zappelnde Leinwand : eine Wochenschrift fürs Kinopublikum,,18,1921,https://www.e-periodica.ch/digbib/view?pid=ifz-001:1921:0::184
Zappelnde Leinwand : eine Wochenschrift fürs Kinopublikum,,19,1921,https://www.e-periodica.ch/digbib/view?pid=ifz-001:1921:0::204
Zappelnde Leinwand : eine Wochenschrift fürs Kinopublikum,,20,1921,https://www.e-periodica.ch/digbib/view?pid=ifz-001:1921:0::224
Zappelnde Leinwand : eine Wochenschrift fürs Kinopublikum,,21,1921,https://www.e-periodica.ch/digbib/view?pid=ifz-001:1921:0::244
Zappelnde Leinwand : eine Wochenschrift fürs Kinopublikum,,22,1921,https://www.e-periodica.ch/digbib/view?pid=ifz-001:1921:0::264
Zappelnde Leinwand : eine Wochenschrift fürs Kinopublikum,,23,1921,https://www.e-periodica.ch/digbib/view?pid=ifz-001:1921:0::284
Zappelnde Leinwand : eine Wochenschrift fürs Kinopublikum,,24,1921,https://www.e-periodica.ch/digbib/view?pid=ifz-001:1921:0::304
Zappelnde Leinwand : eine Wochenschrift fürs Kinopublikum,,25,1921,https://www.e-periodica.ch/digbib/view?pid=ifz-001:1921:0::320
Zappelnde Leinwand : eine Wochenschrift fürs Kinopublikum,,26,1921,https://www.e-periodica.ch/digbib/view?pid=ifz-001:1921:0::336
Zappelnde Leinwand : eine Wochenschrift fürs Kinopublikum,,27,1921,https://www.e-periodica.ch/digbib/view?pid=ifz-001:1921:0::356
Zappelnde Leinwand : eine Wochenschrift fürs Kinopublikum,,28,1921,https://www.e-periodica.ch/digbib/view?pid=ifz-001:1921:0::380
Zappelnde Leinwand : eine Wochenschrift fürs Kinopublikum,,1,1920,https://www.e-periodica.ch/digbib/view?pid=ifz-001:1920:0::4
Zappelnde Leinwand : eine Wochenschrift fürs Kinopublikum,,2,1920,https://www.e-periodica.ch/digbib/view?pid=ifz-001:1920:0::24
Zappelnde Leinwand : eine Wochenschrift fürs Kinopublikum,,3,1920,https://www.e-periodica.ch/digbib/view?pid=ifz-001:1920:0::42
Zappelnde Leinwand : eine Wochenschrift fürs Kinopublikum,,4,1920,https://www.e-periodica.ch/digbib/view?pid=ifz-001:1920:0::62
Zappelnde Leinwand : eine Wochenschrift fürs Kinopublikum,,5,1920,https://www.e-periodica.ch/digbib/view?pid=ifz-001:1920:0::82
Zappelnde Leinwand : eine Wochenschrift fürs Kinopublikum,,6,1920,https://www.e-periodica.ch/digbib/view?pid=ifz-001:1920:0::102
Zappelnde Leinwand : eine Wochenschrift fürs Kinopublikum,,7,1920,https://www.e-periodica.ch/digbib/view?pid=ifz-001:1920:0::354
Zappelnde Leinwand : eine Wochenschrift fürs Kinopublikum,,8,1920,https://www.e-periodica.ch/digbib/view?pid=ifz-001:1920:0::140
"Schweizer illustrierte Filmwoche : der ""Zappelnden Leinwand""",7,1,1926,https://www.e-periodica.ch/digbib/view?pid=ifz-002:1926:7::4
"Schweizer illustrierte Filmwoche : der ""Zappelnden Leinwand""",7,2,1926,https://www.e-periodica.ch/digbib/view?pid=ifz-002:1926:7::16
"Schweizer illustrierte Filmwoche : der ""Zappelnden Leinwand""",7,3,1926,https://www.e-periodica.ch/digbib/view?pid=ifz-002:1926:7::32
"Schweizer illustrierte Filmwoche : der ""Zappelnden Leinwand""",7,4,1926,https://www.e-periodica.ch/digbib/view?pid=ifz-002:1926:7::44
"Schweizer illustrierte Filmwoche : der ""Zappelnden Leinwand""",7,5,1926,https://www.e-periodica.ch/digbib/view?pid=ifz-002:1926:7::56
"Schweizer illustrierte Filmwoche : der ""Zappelnden Leinwand""",7,6,1926,https://www.e-periodica.ch/digbib/view?pid=ifz-002:1926:7::68
"Schweizer illustrierte Filmwoche : der ""Zappelnden Leinwand""",7,7,1926,https://www.e-periodica.ch/digbib/view?pid=ifz-002:1926:7::80
"Schweizer illustrierte Filmwoche : der ""Zappelnden Leinwand""",7,8,1926,https://www.e-periodica.ch/digbib/view?pid=ifz-002:1926:7::92
"Schweizer illustrierte Filmwoche : der ""Zappelnden Leinwand""",7,9,1926,https://www.e-periodica.ch/digbib/view?pid=ifz-002:1926:7::104
"Schweizer illustrierte Filmwoche : der ""Zappelnden Leinwand""",7,10,1926,https://www.e-periodica.ch/digbib/view?pid=ifz-002:1926:7::116
"Schweizer illustrierte Filmwoche : der ""Zappelnden Leinwand""",6,1,1925,https://www.e-periodica.ch/digbib/view?pid=ifz-002:1925:6::4
"Schweizer illustrierte Filmwoche : der ""Zappelnden Leinwand""",6,2,1925,https://www.e-periodica.ch/digbib/view?pid=ifz-002:1925:6::5
"Schweizer illustrierte Filmwoche : der ""Zappelnden Leinwand""",6,3,1925,https://www.e-periodica.ch/digbib/view?pid=ifz-002:1925:6::6
"Schweizer illustrierte Filmwoche : der ""Zappelnden Leinwand""",6,4,1925,https://www.e-periodica.ch/digbib/view?pid=ifz-002:1925:6::7
"Schweizer illustrierte Filmwoche : der ""Zappelnden Leinwand""",6,5,1925,https://www.e-periodica.ch/digbib/view?pid=ifz-002:1925:6::8
"Schweizer illustrierte Filmwoche : der ""Zappelnden Leinwand""",6,6,1925,https://www.e-periodica.ch/digbib/view?pid=ifz-002:1925:6::9
"Schweizer illustrierte Filmwoche : der ""Zappelnden Leinwand""",6,7,1925,https://www.e-periodica.ch/digbib/view?pid=ifz-002:1925:6::16
"Schweizer illustrierte Filmwoche : der ""Zappelnden Leinwand""",6,8,1925,https://www.e-periodica.ch/digbib/view?pid=ifz-002:1925:6::17
"Schweizer illustrierte Filmwoche : der ""Zappelnden Leinwand""",6,9,1925,https://www.e-periodica.ch/digbib/view?pid=ifz-002:1925:6::18
"Schweizer illustrierte Filmwoche : der ""Zappelnden Leinwand""",6,10,1925,https://www.e-periodica.ch/digbib/view?pid=ifz-002:1925:6::19
"Schweizer illustrierte Filmwoche : der ""Zappelnden Leinwand""",6,11,1925,https://www.e-periodica.ch/digbib/view?pid=ifz-002:1925:6::20
"Schweizer illustrierte Filmwoche : der ""Zappelnden Leinwand""",6,12,1925,https://www.e-periodica.ch/digbib/view?pid=ifz-002:1925:6::21
"Schweizer illustrierte Filmwoche : der ""Zappelnden Leinwand""",6,13,1925,https://www.e-periodica.ch/digbib/view?pid=ifz-002:1925:6::22
"Schweizer illustrierte Filmwoche : der ""Zappelnden Leinwand""",6,14,1925,https://www.e-periodica.ch/digbib/view?pid=ifz-002:1925:6::23
"Schweizer illustrierte Filmwoche : der ""Zappelnden Leinwand""",6,15,1925,https://www.e-periodica.ch/digbib/view?pid=ifz-002:1925:6::24
"Schweizer illustrierte Filmwoche : der ""Zappelnden Leinwand""",6,16,1925,https://www.e-periodica.ch/digbib/view?pid=ifz-002:1925:6::25
"Schweizer illustrierte Filmwoche : der ""Zappelnden Leinwand""",6,17,1925,https://www.e-periodica.ch/digbib/view?pid=ifz-002:1925:6::26
"Schweizer illustrierte Filmwoche : der ""Zappelnden Leinwand""",6,18,1925,https://www.e-periodica.ch/digbib/view?pid=ifz-002:1925:6::27
"Schweizer illustrierte Filmwoche : der ""Zappelnden Leinwand""",6,19,1925,https://www.e-periodica.ch/digbib/view?pid=ifz-002:1925:6::28
"Schweizer illustrierte Filmwoche : der ""Zappelnden Leinwand""",5,1,1924,https://www.e-periodica.ch/digbib/view?pid=ifz-002:1924:5::4
"Schweizer illustrierte Filmwoche : der ""Zappelnden Leinwand""",5,2,1924,https://www.e-periodica.ch/digbib/view?pid=ifz-002:1924:5::20
"Schweizer illustrierte Filmwoche : der ""Zappelnden Leinwand""",5,3,1924,https://www.e-periodica.ch/digbib/view?pid=ifz-002:1924:5::36
"Schweizer illustrierte Filmwoche : der ""Zappelnden Leinwand""",5,4,1924,https://www.e-periodica.ch/digbib/view?pid=ifz-002:1924:5::47
"Schweizer illustrierte Filmwoche : der ""Zappelnden Leinwand""",5,5,1924,https://www.e-periodica.ch/digbib/view?pid=ifz-002:1924:5::59
"Schweizer illustrierte Filmwoche : der ""Zappelnden Leinwand""",5,6,1924,https://www.e-periodica.ch/digbib/view?pid=ifz-002:1924:5::67
"Illustrierte Filmwoche : der ""Zappelnden Leinwand""",7,11,1926,https://www.e-periodica.ch/digbib/view?pid=ifz-003:1926:0::4
"Illustrierte Filmwoche : der ""Zappelnden Leinwand""",7,12,1926,https://www.e-periodica.ch/digbib/view?pid=ifz-003:1926:0::16
"Illustrierte Filmwoche : der ""Zappelnden Leinwand""",7,13,1926,https://www.e-periodica.ch/digbib/view?pid=ifz-003:1926:0::28
"Illustrierte Filmwoche : der ""Zappelnden Leinwand""",7,14,1926,https://www.e-periodica.ch/digbib/view?pid=ifz-003:1926:0::40
"Illustrierte Filmwoche : der ""Zappelnden Leinwand""",7,15,1926,https://www.e-periodica.ch/digbib/view?pid=ifz-003:1926:0::52
"Illustrierte Filmwoche : der ""Zappelnden Leinwand""",7,16,1926,https://www.e-periodica.ch/digbib/view?pid=ifz-003:1926:0::60
"Illustrierte Filmwoche : der ""Zappelnden Leinwand""",7,17,1926,https://www.e-periodica.ch/digbib/view?pid=ifz-003:1926:0::72
"Illustrierte Filmwoche : der ""Zappelnden Leinwand""",7,18,1926,https://www.e-periodica.ch/digbib/view?pid=ifz-003:1926:0::84
"Illustrierte Filmwoche : der ""Zappelnden Leinwand""",7,19,1926,https://www.e-periodica.ch/digbib/view?pid=ifz-003:1926:0::96
"Illustrierte Filmwoche : der ""Zappelnden Leinwand""",7,20,1926,https://www.e-periodica.ch/digbib/view?pid=ifz-003:1926:0::124
"Illustrierte Filmwoche : der ""Zappelnden Leinwand""",7,21,1926,https://www.e-periodica.ch/digbib/view?pid=ifz-003:1926:0::136
"Illustrierte Filmwoche : der ""Zappelnden Leinwand""",7,22,1926,https://www.e-periodica.ch/digbib/view?pid=ifz-003:1926:0::148
"Illustrierte Filmwoche : der ""Zappelnden Leinwand""",7,23,1926,https://www.e-periodica.ch/digbib/view?pid=ifz-003:1926:0::160
"Illustrierte Filmwoche : der ""Zappelnden Leinwand""",7,24,1926,https://www.e-periodica.ch/digbib/view?pid=ifz-003:1926:0::172
"Illustrierte Filmwoche : der ""Zappelnden Leinwand""",7,25,1926,https://www.e-periodica.ch/digbib/view?pid=ifz-003:1926:0::184
"Illustrierte Filmwoche : der ""Zappelnden Leinwand""",7,19 [i.e. 26],1926,https://www.e-periodica.ch/digbib/view?pid=ifz-003:1926:0::587
"Illustrierte Filmwoche : der ""Zappelnden Leinwand""",7,27,1926,https://www.e-periodica.ch/digbib/view?pid=ifz-003:1926:0::196
"Illustrierte Filmwoche : der ""Zappelnden Leinwand""",7,28,1926,https://www.e-periodica.ch/digbib/view?pid=ifz-003:1926:0::208
"Illustrierte Filmwoche : der ""Zappelnden Leinwand""",7,29,1926,https://www.e-periodica.ch/digbib/view?pid=ifz-003:1926:0::216
L'écran illustré : hebdomadaire paraissant tous les jeudis à Lausanne et Genève,4,1,1927,https://www.e-periodica.ch/digbib/view?pid=eil-001:1927:4::4
L'écran illustré : hebdomadaire paraissant tous les jeudis à Lausanne et Genève,4,2,1927,https://www.e-periodica.ch/digbib/view?pid=eil-001:1927:4::16
L'écran illustré : hebdomadaire paraissant tous les jeudis à Lausanne et Genève,4,3,1927,https://www.e-periodica.ch/digbib/view?pid=eil-001:1927:4::28
L'écran illustré : hebdomadaire paraissant tous les jeudis à Lausanne et Genève,4,4,1927,https://www.e-periodica.ch/digbib/view?pid=eil-001:1927:4::40
L'écran illustré : hebdomadaire paraissant tous les jeudis à Lausanne et Genève,4,5,1927,https://www.e-periodica.ch/digbib/view?pid=eil-001:1927:4::52
L'écran illustré : hebdomadaire paraissant tous les jeudis à Lausanne et Genève,4,6,1927,https://www.e-periodica.ch/digbib/view?pid=eil-001:1927:4::64
L'écran illustré : hebdomadaire paraissant tous les jeudis à Lausanne et Genève,4,7,1927,https://www.e-periodica.ch/digbib/view?pid=eil-001:1927:4::76
L'écran illustré : hebdomadaire paraissant tous les jeudis à Lausanne et Genève,4,8,1927,https://www.e-periodica.ch/digbib/view?pid=eil-001:1927:4::88
L'écran illustré : hebdomadaire paraissant tous les jeudis à Lausanne et Genève,4,9,1927,https://www.e-periodica.ch/digbib/view?pid=eil-001:1927:4::100
L'écran illustré : hebdomadaire paraissant tous les jeudis à Lausanne et Genève,4,10,1927,https://www.e-periodica.ch/digbib/view?pid=eil-001:1927:4::108
L'écran illustré : hebdomadaire paraissant tous les jeudis à Lausanne et Genève,4,11,1927,https://www.e-periodica.ch/digbib/view?pid=eil-001:1927:4::112
L'écran illustré : hebdomadaire paraissant tous les jeudis à Lausanne et Genève,4,12,1927,https://www.e-periodica.ch/digbib/view?pid=eil-001:1927:4::116
L'écran illustré : hebdomadaire paraissant tous les jeudis à Lausanne et Genève,4,13,1927,https://www.e-periodica.ch/digbib/view?pid=eil-001:1927:4::120
L'écran illustré : hebdomadaire paraissant tous les jeudis à Lausanne et Genève,4,14,1927,https://www.e-periodica.ch/digbib/view?pid=eil-001:1927:4::124
L'écran illustré : hebdomadaire paraissant tous les jeudis à Lausanne et Genève,4,15,1927,https://www.e-periodica.ch/digbib/view?pid=eil-001:1927:4::128
L'écran illustré : hebdomadaire paraissant tous les jeudis à Lausanne et Genève,4,16,1927,https://www.e-periodica.ch/digbib/view?pid=eil-001:1927:4::132
L'écran illustré : hebdomadaire paraissant tous les jeudis à Lausanne et Genève,4,17,1927,https://www.e-periodica.ch/digbib/view?pid=eil-001:1927:4::136
L'écran illustré : hebdomadaire paraissant tous les jeudis à Lausanne et Genève,4,18,1927,https://www.e-periodica.ch/digbib/view?pid=eil-001:1927:4::140
L'écran illustré : hebdomadaire paraissant tous les jeudis à Lausanne et Genève,4,19,1927,https://www.e-periodica.ch/digbib/view?pid=eil-001:1927:4::144
L'écran illustré : hebdomadaire paraissant tous les jeudis à Lausanne et Genève,4,20,1927,https://www.e-periodica.ch/digbib/view?pid=eil-001:1927:4::148
L'écran illustré : hebdomadaire paraissant tous les jeudis à Lausanne et Genève,4,21,1927,https://www.e-periodica.ch/digbib/view?pid=eil-001:1927:4::152
L'écran illustré : hebdomadaire paraissant tous les jeudis à Lausanne et Genève,4,[22],1927,https://www.e-periodica.ch/digbib/view?pid=eil-001:1927:4::156
L'écran illustré : hebdomadaire paraissant tous les jeudis à Lausanne et Genève,3,1,1926,https://www.e-periodica.ch/digbib/view?pid=eil-001:1926:3::5
L'écran illustré : hebdomadaire paraissant tous les jeudis à Lausanne et Genève,3,2,1926,https://www.e-periodica.ch/digbib/view?pid=eil-001:1926:3::9
L'écran illustré : hebdomadaire paraissant tous les jeudis à Lausanne et Genève,3,3,1926,https://www.e-periodica.ch/digbib/view?pid=eil-001:1926:3::13
L'écran illustré : hebdomadaire paraissant tous les jeudis à Lausanne et Genève,3,4,1926,https://www.e-periodica.ch/digbib/view?pid=eil-001:1926:3::17
L'écran illustré : hebdomadaire paraissant tous les jeudis à Lausanne et Genève,3,5,1926,https://www.e-periodica.ch/digbib/view?pid=eil-001:1926:3::21
L'écran illustré : hebdomadaire paraissant tous les jeudis à Lausanne et Genève,3,6,1926,https://www.e-periodica.ch/digbib/view?pid=eil-001:1926:3::25
L'écran illustré : hebdomadaire paraissant tous les jeudis à Lausanne et Genève,3,7,1926,https://www.e-periodica.ch/digbib/view?pid=eil-001:1926:3::29
L'écran illustré : hebdomadaire paraissant tous les jeudis à Lausanne et Genève,3,8,1926,https://www.e-periodica.ch/digbib/view?pid=eil-001:1926:3::33
L'écran illustré : hebdomadaire paraissant tous les jeudis à Lausanne et Genève,3,9,1926,https://www.e-periodica.ch/digbib/view?pid=eil-001:1926:3::37
L'écran illustré : hebdomadaire paraissant tous les jeudis à Lausanne et Genève,3,10,1926,https://www.e-periodica.ch/digbib/view?pid=eil-001:1926:3::41
L'écran illustré : hebdomadaire paraissant tous les jeudis à Lausanne et Genève,3,11,1926,https://www.e-periodica.ch/digbib/view?pid=eil-001:1926:3::45
L'écran illustré : hebdomadaire paraissant tous les jeudis à Lausanne et Genève,3,12,1926,https://www.e-periodica.ch/digbib/view?pid=eil-001:1926:3::49
L'écran illustré : hebdomadaire paraissant tous les jeudis à Lausanne et Genève,3,13,1926,https://www.e-periodica.ch/digbib/view?pid=eil-001:1926:3::53
L'écran illustré : hebdomadaire paraissant tous les jeudis à Lausanne et Genève,3,14,1926,https://www.e-periodica.ch/digbib/view?pid=eil-001:1926:3::57
L'écran illustré : hebdomadaire paraissant tous les jeudis à Lausanne et Genève,3,15,1926,https://www.e-periodica.ch/digbib/view?pid=eil-001:1926:3::61
L'écran illustré : hebdomadaire paraissant tous les jeudis à Lausanne et Genève,3,16,1926,https://www.e-periodica.ch/digbib/view?pid=eil-001:1926:3::65
L'écran illustré : hebdomadaire paraissant tous les jeudis à Lausanne et Genève,3,17,1926,https://www.e-periodica.ch/digbib/view?pid=eil-001:1926:3::69
L'écran illustré : hebdomadaire paraissant tous les jeudis à Lausanne et Genève,3,18,1926,https://www.e-periodica.ch/digbib/view?pid=eil-001:1926:3::73
L'écran illustré : hebdomadaire paraissant tous les jeudis à Lausanne et Genève,3,19,1926,https://www.e-periodica.ch/digbib/view?pid=eil-001:1926:3::77
L'écran illustré : hebdomadaire paraissant tous les jeudis à Lausanne et Genève,3,20,1926,https://www.e-periodica.ch/digbib/view?pid=eil-001:1926:3::81
L'écran illustré : hebdomadaire paraissant tous les jeudis à Lausanne et Genève,3,21,1926,https://www.e-periodica.ch/digbib/view?pid=eil-001:1926:3::85
L'écran illustré : hebdomadaire paraissant tous les jeudis à Lausanne et Genève,3,22,1926,https://www.e-periodica.ch/digbib/view?pid=eil-001:1926:3::89
L'écran illustré : hebdomadaire paraissant tous les jeudis à Lausanne et Genève,3,23,1926,https://www.e-periodica.ch/digbib/view?pid=eil-001:1926:3::93
L'écran illustré : hebdomadaire paraissant tous les jeudis à Lausanne et Genève,3,24,1926,https://www.e-periodica.ch/digbib/view?pid=eil-001:1926:3::97
L'écran illustré : hebdomadaire paraissant tous les jeudis à Lausanne et Genève,3,25,1926,https://www.e-periodica.ch/digbib/view?pid=eil-001:1926:3::107
L'écran illustré : hebdomadaire paraissant tous les jeudis à Lausanne et Genève,3,26,1926,https://www.e-periodica.ch/digbib/view?pid=eil-001:1926:3::119
L'écran illustré : hebdomadaire paraissant tous les jeudis à Lausanne et Genève,3,27,1926,https://www.e-periodica.ch/digbib/view?pid=eil-001:1926:3::131
L'écran illustré : hebdomadaire paraissant tous les jeudis à Lausanne et Genève,3,28,1926,https://www.e-periodica.ch/digbib/view?pid=eil-001:1926:3::143
L'écran illustré : hebdomadaire paraissant tous les jeudis à Lausanne et Genève,3,29,1926,https://www.e-periodica.ch/digbib/view?pid=eil-001:1926:3::155
L'écran illustré : hebdomadaire paraissant tous les jeudis à Lausanne et Genève,3,30,1926,https://www.e-periodica.ch/digbib/view?pid=eil-001:1926:3::167
L'écran illustré : hebdomadaire paraissant tous les jeudis à Lausanne et Genève,3,31,1926,https://www.e-periodica.ch/digbib/view?pid=eil-001:1926:3::179
L'écran illustré : hebdomadaire paraissant tous les jeudis à Lausanne et Genève,3,32,1926,https://www.e-periodica.ch/digbib/view?pid=eil-001:1926:3::191
L'écran illustré : hebdomadaire paraissant tous les jeudis à Lausanne et Genève,3,33,1926,https://www.e-periodica.ch/digbib/view?pid=eil-001:1926:3::203
L'écran illustré : hebdomadaire paraissant tous les jeudis à Lausanne et Genève,3,34,1926,https://www.e-periodica.ch/digbib/view?pid=eil-001:1926:3::215
L'écran illustré : hebdomadaire paraissant tous les jeudis à Lausanne et Genève,3,35,1926,https://www.e-periodica.ch/digbib/view?pid=eil-001:1926:3::227
L'écran illustré : hebdomadaire paraissant tous les jeudis à Lausanne et Genève,3,36,1926,https://www.e-periodica.ch/digbib/view?pid=eil-001:1926:3::239
L'écran illustré : hebdomadaire paraissant tous les jeudis à Lausanne et Genève,3,37,1926,https://www.e-periodica.ch/digbib/view?pid=eil-001:1926:3::251
L'écran illustré : hebdomadaire paraissant tous les jeudis à Lausanne et Genève,3,38,1926,https://www.e-periodica.ch/digbib/view?pid=eil-001:1926:3::263
L'écran illustré : hebdomadaire paraissant tous les jeudis à Lausanne et Genève,3,39,1926,https://www.e-periodica.ch/digbib/view?pid=eil-001:1926:3::275
L'écran illustré : hebdomadaire paraissant tous les jeudis à Lausanne et Genève,3,40,1926,https://www.e-periodica.ch/digbib/view?pid=eil-001:1926:3::287
L'écran illustré : hebdomadaire paraissant tous les jeudis à Lausanne et Genève,3,41,1926,https://www.e-periodica.ch/digbib/view?pid=eil-001:1926:3::299
L'écran illustré : hebdomadaire paraissant tous les jeudis à Lausanne et Genève,2,1,1925,https://www.e-periodica.ch/digbib/view?pid=eil-001:1925:2::5
L'écran illustré : hebdomadaire paraissant tous les jeudis à Lausanne et Genève,2,2,1925,https://www.e-periodica.ch/digbib/view?pid=eil-001:1925:2::9
L'écran illustré : hebdomadaire paraissant tous les jeudis à Lausanne et Genève,2,3,1925,https://www.e-periodica.ch/digbib/view?pid=eil-001:1925:2::13
L'écran illustré : hebdomadaire paraissant tous les jeudis à Lausanne et Genève,2,4,1925,https://www.e-periodica.ch/digbib/view?pid=eil-001:1925:2::17
L'écran illustré : hebdomadaire paraissant tous les jeudis à Lausanne et Genève,2,5,1925,https://www.e-periodica.ch/digbib/view?pid=eil-001:1925:2::21
L'écran illustré : hebdomadaire paraissant tous les jeudis à Lausanne et Genève,2,6,1925,https://www.e-periodica.ch/digbib/view?pid=eil-001:1925:2::25
L'écran illustré : hebdomadaire paraissant tous les jeudis à Lausanne et Genève,2,7,1925,https://www.e-periodica.ch/digbib/view?pid=eil-001:1925:2::29
L'écran illustré : hebdomadaire paraissant tous les jeudis à Lausanne et Genève,2,8,1925,https://www.e-periodica.ch/digbib/view?pid=eil-001:1925:2::33
L'écran illustré : hebdomadaire paraissant tous les jeudis à Lausanne et Genève,2,9,1925,https://www.e-periodica.ch/digbib/view?pid=eil-001:1925:2::37
L'écran illustré : hebdomadaire paraissant tous les jeudis à Lausanne et Genève,2,10,1925,https://www.e-periodica.ch/digbib/view?pid=eil-001:1925:2::41
L'écran illustré : hebdomadaire paraissant tous les jeudis à Lausanne et Genève,2,11,1925,https://www.e-periodica.ch/digbib/view?pid=eil-001:1925:2::45
L'écran illustré : hebdomadaire paraissant tous les jeudis à Lausanne et Genève,2,12,1925,https://www.e-periodica.ch/digbib/view?pid=eil-001:1925:2::49
L'écran illustré : hebdomadaire paraissant tous les jeudis à Lausanne et Genève,2,13,1925,https://www.e-periodica.ch/digbib/view?pid=eil-001:1925:2::53
L'écran illustré : hebdomadaire paraissant tous les jeudis à Lausanne et Genève,2,14,1925,https://www.e-periodica.ch/digbib/view?pid=eil-001:1925:2::57
L'écran illustré : hebdomadaire paraissant tous les jeudis à Lausanne et Genève,2,15,1925,https://www.e-periodica.ch/digbib/view?pid=eil-001:1925:2::61
L'écran illustré : hebdomadaire paraissant tous les jeudis à Lausanne et Genève,2,16,1925,https://www.e-periodica.ch/digbib/view?pid=eil-001:1925:2::65
L'écran illustré : hebdomadaire paraissant tous les jeudis à Lausanne et Genève,2,17,1925,https://www.e-periodica.ch/digbib/view?pid=eil-001:1925:2::69
L'écran illustré : hebdomadaire paraissant tous les jeudis à Lausanne et Genève,2,18,1925,https://www.e-periodica.ch/digbib/view?pid=eil-001:1925:2::73
L'écran illustré : hebdomadaire paraissant tous les jeudis à Lausanne et Genève,2,19,1925,https://www.e-periodica.ch/digbib/view?pid=eil-001:1925:2::77
L'écran illustré : hebdomadaire paraissant tous les jeudis à Lausanne et Genève,2,20,1925,https://www.e-periodica.ch/digbib/view?pid=eil-001:1925:2::81
L'écran illustré : hebdomadaire paraissant tous les jeudis à Lausanne et Genève,2,21,1925,https://www.e-periodica.ch/digbib/view?pid=eil-001:1925:2::85
L'écran illustré : hebdomadaire paraissant tous les jeudis à Lausanne et Genève,2,22,1925,https://www.e-periodica.ch/digbib/view?pid=eil-001:1925:2::89
L'écran illustré : hebdomadaire paraissant tous les jeudis à Lausanne et Genève,2,23,1925,https://www.e-periodica.ch/digbib/view?pid=eil-001:1925:2::93
L'écran illustré : hebdomadaire paraissant tous les jeudis à Lausanne et Genève,2,24,1925,https://www.e-periodica.ch/digbib/view?pid=eil-001:1925:2::97
L'écran illustré : hebdomadaire paraissant tous les jeudis à Lausanne et Genève,2,25,1925,https://www.e-periodica.ch/digbib/view?pid=eil-001:1925:2::2525
L'écran illustré : hebdomadaire paraissant tous les jeudis à Lausanne et Genève,2,26,1925,https://www.e-periodica.ch/digbib/view?pid=eil-001:1925:2::105
L'écran illustré : hebdomadaire paraissant tous les jeudis à Lausanne et Genève,2,27,1925,https://www.e-periodica.ch/digbib/view?pid=eil-001:1925:2::109
L'écran illustré : hebdomadaire paraissant tous les jeudis à Lausanne et Genève,2,28,1925,https://www.e-periodica.ch/digbib/view?pid=eil-001:1925:2::113
L'écran illustré : hebdomadaire paraissant tous les jeudis à Lausanne et Genève,2,29,1925,https://www.e-periodica.ch/digbib/view?pid=eil-001:1925:2::117
L'écran illustré : hebdomadaire paraissant tous les jeudis à Lausanne et Genève,2,30,1925,https://www.e-periodica.ch/digbib/view?pid=eil-001:1925:2::121
L'écran illustré : hebdomadaire paraissant tous les jeudis à Lausanne et Genève,2,31,1925,https://www.e-periodica.ch/digbib/view?pid=eil-001:1925:2::125
L'écran illustré : hebdomadaire paraissant tous les jeudis à Lausanne et Genève,2,32,1925,https://www.e-periodica.ch/digbib/view?pid=eil-001:1925:2::129
L'écran illustré : hebdomadaire paraissant tous les jeudis à Lausanne et Genève,2,33,1925,https://www.e-periodica.ch/digbib/view?pid=eil-001:1925:2::133
L'écran illustré : hebdomadaire paraissant tous les jeudis à Lausanne et Genève,2,34,1925,https://www.e-periodica.ch/digbib/view?pid=eil-001:1925:2::137
L'écran illustré : hebdomadaire paraissant tous les jeudis à Lausanne et Genève,2,35,1925,https://www.e-periodica.ch/digbib/view?pid=eil-001:1925:2::141
L'écran illustré : hebdomadaire paraissant tous les jeudis à Lausanne et Genève,2,36,1925,https://www.e-periodica.ch/digbib/view?pid=eil-001:1925:2::145
L'écran illustré : hebdomadaire paraissant tous les jeudis à Lausanne et Genève,2,37,1925,https://www.e-periodica.ch/digbib/view?pid=eil-001:1925:2::149
L'écran illustré : hebdomadaire paraissant tous les jeudis à Lausanne et Genève,2,38,1925,https://www.e-periodica.ch/digbib/view?pid=eil-001:1925:2::153
L'écran illustré : hebdomadaire paraissant tous les jeudis à Lausanne et Genève,2,39,1925,https://www.e-periodica.ch/digbib/view?pid=eil-001:1925:2::157
L'écran illustré : hebdomadaire paraissant tous les jeudis à Lausanne et Genève,2,40,1925,https://www.e-periodica.ch/digbib/view?pid=eil-001:1925:2::161
L'écran illustré : hebdomadaire paraissant tous les jeudis à Lausanne et Genève,2,41,1925,https://www.e-periodica.ch/digbib/view?pid=eil-001:1925:2::165
L'écran illustré : hebdomadaire paraissant tous les jeudis à Lausanne et Genève,2,42,1925,https://www.e-periodica.ch/digbib/view?pid=eil-001:1925:2::169
L'écran illustré : hebdomadaire paraissant tous les jeudis à Lausanne et Genève,1,1,1924,https://www.e-periodica.ch/digbib/view?pid=eil-001:1924:1::4
L'écran illustré : hebdomadaire paraissant tous les jeudis à Lausanne et Genève,1,2,1924,https://www.e-periodica.ch/digbib/view?pid=eil-001:1924:1::8
L'écran illustré : hebdomadaire paraissant tous les jeudis à Lausanne et Genève,1,3,1924,https://www.e-periodica.ch/digbib/view?pid=eil-001:1924:1::12
L'écran illustré : hebdomadaire paraissant tous les jeudis à Lausanne et Genève,1,4,1924,https://www.e-periodica.ch/digbib/view?pid=eil-001:1924:1::16
L'écran illustré : hebdomadaire paraissant tous les jeudis à Lausanne et Genève,1,5,1924,https://www.e-periodica.ch/digbib/view?pid=eil-001:1924:1::20
L'écran illustré : hebdomadaire paraissant tous les jeudis à Lausanne et Genève,1,6,1924,https://www.e-periodica.ch/digbib/view?pid=eil-001:1924:1::24
L'écran illustré : hebdomadaire paraissant tous les jeudis à Lausanne et Genève,1,7,1924,https://www.e-periodica.ch/digbib/view?pid=eil-001:1924:1::28
L'écran illustré : hebdomadaire paraissant tous les jeudis à Lausanne et Genève,1,8,1924,https://www.e-periodica.ch/digbib/view?pid=eil-001:1924:1::32
L'écran illustré : hebdomadaire paraissant tous les jeudis à Lausanne et Genève,1,9,1924,https://www.e-periodica.ch/digbib/view?pid=eil-001:1924:1::36
L'écran illustré : hebdomadaire paraissant tous les jeudis à Lausanne et Genève,1,10,1924,https://www.e-periodica.ch/digbib/view?pid=eil-001:1924:1::40
L'écran illustré : hebdomadaire paraissant tous les jeudis à Lausanne et Genève,1,11,1924,https://www.e-periodica.ch/digbib/view?pid=eil-001:1924:1::44
L'écran illustré : hebdomadaire paraissant tous les jeudis à Lausanne et Genève,1,12,1924,https://www.e-periodica.ch/digbib/view?pid=eil-001:1924:1::48
L'écran illustré : hebdomadaire paraissant tous les jeudis à Lausanne et Genève,1,13,1924,https://www.e-periodica.ch/digbib/view?pid=eil-001:1924:1::54
L'écran illustré : hebdomadaire paraissant tous les jeudis à Lausanne et Genève,1,14,1924,https://www.e-periodica.ch/digbib/view?pid=eil-001:1924:1::58
L'écran illustré : hebdomadaire paraissant tous les jeudis à Lausanne et Genève,1,15,1924,https://www.e-periodica.ch/digbib/view?pid=eil-001:1924:1::62
L'écran illustré : hebdomadaire paraissant tous les jeudis à Lausanne et Genève,1,16,1924,https://www.e-periodica.ch/digbib/view?pid=eil-001:1924:1::66
L'écran illustré : hebdomadaire paraissant tous les jeudis à Lausanne et Genève,1,17,1924,https://www.e-periodica.ch/digbib/view?pid=eil-001:1924:1::70
L'effort cinégraphique suisse = Schweizer Filmkurier,,29-30,1933,https://www.e-periodica.ch/digbib/view?pid=kif-001:1933:0::4
L'effort cinégraphique suisse = Schweizer Filmkurier,,31-33,1933,https://www.e-periodica.ch/digbib/view?pid=kif-001:1933:0::76
L'effort cinégraphique suisse = Schweizer Filmkurier,,34-35,1933,https://www.e-periodica.ch/digbib/view?pid=kif-001:1933:0::140
L'effort cinégraphique suisse = Schweizer Filmkurier,,36,1933,https://www.e-periodica.ch/digbib/view?pid=kif-001:1933:0::212
L'effort cinégraphique suisse = Schweizer Filmkurier,,37,1933,https://www.e-periodica.ch/digbib/view?pid=kif-001:1933:0::280
L'effort cinégraphique suisse = Schweizer Filmkurier,,14-16,1932,https://www.e-periodica.ch/digbib/view?pid=kif-001:1932:0::1413
L'effort cinégraphique suisse = Schweizer Filmkurier,,17,1932,https://www.e-periodica.ch/digbib/view?pid=kif-001:1932:0::108
L'effort cinégraphique suisse = Schweizer Filmkurier,,18,1932,https://www.e-periodica.ch/digbib/view?pid=kif-001:1932:0::136
L'effort cinégraphique suisse = Schweizer Filmkurier,,19-20,1932,https://www.e-periodica.ch/digbib/view?pid=kif-001:1932:0::180
L'effort cinégraphique suisse = Schweizer Filmkurier,,21-22,1932,https://www.e-periodica.ch/digbib/view?pid=kif-001:1932:0::256
L'effort cinégraphique suisse = Schweizer Filmkurier,,23-24,1932,https://www.e-periodica.ch/digbib/view?pid=kif-001:1932:0::328
L'effort cinégraphique suisse = Schweizer Filmkurier,,25-26,1932,https://www.e-periodica.ch/digbib/view?pid=kif-001:1932:0::1446
L'effort cinégraphique suisse = Schweizer Filmkurier,,27-28,1932,https://www.e-periodica.ch/digbib/view?pid=kif-001:1932:0::1449
L'effort cinégraphique suisse = Schweizer Filmkurier,,4,1931,https://www.e-periodica.ch/digbib/view?pid=kif-001:1931:0::4
L'effort cinégraphique suisse = Schweizer Filmkurier,,5,1931,https://www.e-periodica.ch/digbib/view?pid=kif-001:1931:0::80
L'effort cinégraphique suisse = Schweizer Filmkurier,,6,1931,https://www.e-periodica.ch/digbib/view?pid=kif-001:1931:0::112
L'effort cinégraphique suisse = Schweizer Filmkurier,,7,1931,https://www.e-periodica.ch/digbib/view?pid=kif-001:1931:0::144
L'effort cinégraphique suisse = Schweizer Filmkurier,,8,1931,https://www.e-periodica.ch/digbib/view?pid=kif-001:1931:0::196
L'effort cinégraphique suisse = Schweizer Filmkurier,,9,1931,https://www.e-periodica.ch/digbib/view?pid=kif-001:1931:0::236
L'effort cinégraphique suisse = Schweizer Filmkurier,,10,1931,https://www.e-periodica.ch/digbib/view?pid=kif-001:1931:0::272
L'effort cinégraphique suisse = Schweizer Filmkurier,,11,1931,https://www.e-periodica.ch/digbib/view?pid=kif-001:1931:0::312
L'effort cinégraphique suisse = Schweizer Filmkurier,,12,1931,https://www.e-periodica.ch/digbib/view?pid=kif-001:1931:0::352
L'effort cinégraphique suisse = Schweizer Filmkurier,,13,1931,https://www.e-periodica.ch/digbib/view?pid=kif-001:1931:0::388
L'effort cinégraphique suisse = Schweizer Filmkurier,,1,1930,https://www.e-periodica.ch/digbib/view?pid=kif-001:1930:0::4
L'effort cinégraphique suisse = Schweizer Filmkurier,,2,1930,https://www.e-periodica.ch/digbib/view?pid=kif-001:1930:0::40
L'effort cinégraphique suisse = Schweizer Filmkurier,,3,1930,https://www.e-periodica.ch/digbib/view?pid=kif-001:1930:0::76
"Schweizer Film = Film Suisse : offizielles Organ des Schweiz. Lichtspieltheater-Verbandes, deutsche und italienische Schweiz",9,5,1944,https://www.e-periodica.ch/digbib/view?pid=kif-002:1944:9::4
"Schweizer Film = Film Suisse : offizielles Organ des Schweiz. Lichtspieltheater-Verbandes, deutsche und italienische Schweiz",9,6,1944,https://www.e-periodica.ch/digbib/view?pid=kif-002:1944:9::32
"Schweizer Film = Film Suisse : offizielles Organ des Schweiz. Lichtspieltheater-Verbandes, deutsche und italienische Schweiz",9,7,1944,https://www.e-periodica.ch/digbib/view?pid=kif-002:1944:9::60
"Schweizer Film = Film Suisse : offizielles Organ des Schweiz. Lichtspieltheater-Verbandes, deutsche und italienische Schweiz",9,8,1944,https://www.e-periodica.ch/digbib/view?pid=kif-002:1944:9::88
"Schweizer Film = Film Suisse : offizielles Organ des Schweiz. Lichtspieltheater-Verbandes, deutsche und italienische Schweiz",9,9,1944,https://www.e-periodica.ch/digbib/view?pid=kif-002:1944:9::116
"Schweizer Film = Film Suisse : offizielles Organ des Schweiz. Lichtspieltheater-Verbandes, deutsche und italienische Schweiz",9,10,1944,https://www.e-periodica.ch/digbib/view?pid=kif-002:1944:9::144
"Schweizer Film = Film Suisse : offizielles Organ des Schweiz. Lichtspieltheater-Verbandes, deutsche und italienische Schweiz",9,11,1944,https://www.e-periodica.ch/digbib/view?pid=kif-002:1944:9::172
"Schweizer Film = Film Suisse : offizielles Organ des Schweiz. Lichtspieltheater-Verbandes, deutsche und italienische Schweiz",9,1,1944,https://www.e-periodica.ch/digbib/view?pid=kif-002:1944:9::208
"Schweizer Film = Film Suisse : offizielles Organ des Schweiz. Lichtspieltheater-Verbandes, deutsche und italienische Schweiz",9,2,1944,https://www.e-periodica.ch/digbib/view?pid=kif-002:1944:9::244
"Schweizer Film = Film Suisse : offizielles Organ des Schweiz. Lichtspieltheater-Verbandes, deutsche und italienische Schweiz",9,3-4,1944,https://www.e-periodica.ch/digbib/view?pid=kif-002:1944:9::272
"Schweizer Film = Film Suisse : offizielles Organ des Schweiz. Lichtspieltheater-Verbandes, deutsche und italienische Schweiz",8,116,1943,https://www.e-periodica.ch/digbib/view?pid=kif-002:1943:8::4
"Schweizer Film = Film Suisse : offizielles Organ des Schweiz. Lichtspieltheater-Verbandes, deutsche und italienische Schweiz",8,117,1943,https://www.e-periodica.ch/digbib/view?pid=kif-002:1943:8::60
"Schweizer Film = Film Suisse : offizielles Organ des Schweiz. Lichtspieltheater-Verbandes, deutsche und italienische Schweiz",8,118,1943,https://www.e-periodica.ch/digbib/view?pid=kif-002:1943:8::96
"Schweizer Film = Film Suisse : offizielles Organ des Schweiz. Lichtspieltheater-Verbandes, deutsche und italienische Schweiz",8,119,1943,https://www.e-periodica.ch/digbib/view?pid=kif-002:1943:8::144
"Schweizer Film = Film Suisse : offizielles Organ des Schweiz. Lichtspieltheater-Verbandes, deutsche und italienische Schweiz",8,120,1943,https://www.e-periodica.ch/digbib/view?pid=kif-002:1943:8::180
"Schweizer Film = Film Suisse : offizielles Organ des Schweiz. Lichtspieltheater-Verbandes, deutsche und italienische Schweiz",8,121,1943,https://www.e-periodica.ch/digbib/view?pid=kif-002:1943:8::212
"Schweizer Film = Film Suisse : offizielles Organ des Schweiz. Lichtspieltheater-Verbandes, deutsche und italienische Schweiz",8,122,1943,https://www.e-periodica.ch/digbib/view?pid=kif-002:1943:8::244
"Schweizer Film = Film Suisse : offizielles Organ des Schweiz. Lichtspieltheater-Verbandes, deutsche und italienische Schweiz",8,1,1943,https://www.e-periodica.ch/digbib/view?pid=kif-002:1943:8::284
"Schweizer Film = Film Suisse : offizielles Organ des Schweiz. Lichtspieltheater-Verbandes, deutsche und italienische Schweiz",8,2,1943,https://www.e-periodica.ch/digbib/view?pid=kif-002:1943:8::336
"Schweizer Film = Film Suisse : offizielles Organ des Schweiz. Lichtspieltheater-Verbandes, deutsche und italienische Schweiz",8,3-4,1943,https://www.e-periodica.ch/digbib/view?pid=kif-002:1943:8::364
"Schweizer Film = Film Suisse : offizielles Organ des Schweiz. Lichtspieltheater-Verbandes, deutsche und italienische Schweiz",7,94,1941,https://www.e-periodica.ch/digbib/view?pid=kif-002:1941:7::4
"Schweizer Film = Film Suisse : offizielles Organ des Schweiz. Lichtspieltheater-Verbandes, deutsche und italienische Schweiz",7,95,1941,https://www.e-periodica.ch/digbib/view?pid=kif-002:1941:7::88
"Schweizer Film = Film Suisse : offizielles Organ des Schweiz. Lichtspieltheater-Verbandes, deutsche und italienische Schweiz",7,96,1941,https://www.e-periodica.ch/digbib/view?pid=kif-002:1941:7::136
"Schweizer Film = Film Suisse : offizielles Organ des Schweiz. Lichtspieltheater-Verbandes, deutsche und italienische Schweiz",7,97,1941,https://www.e-periodica.ch/digbib/view?pid=kif-002:1941:7::184
"Schweizer Film = Film Suisse : offizielles Organ des Schweiz. Lichtspieltheater-Verbandes, deutsche und italienische Schweiz",7,98,1941,https://www.e-periodica.ch/digbib/view?pid=kif-002:1941:7::228
"Schweizer Film = Film Suisse : offizielles Organ des Schweiz. Lichtspieltheater-Verbandes, deutsche und italienische Schweiz",7,99,1941,https://www.e-periodica.ch/digbib/view?pid=kif-002:1941:7::272
"Schweizer Film = Film Suisse : offizielles Organ des Schweiz. Lichtspieltheater-Verbandes, deutsche und italienische Schweiz",7,100,1941,https://www.e-periodica.ch/digbib/view?pid=kif-002:1941:7::320
"Schweizer Film = Film Suisse : offizielles Organ des Schweiz. Lichtspieltheater-Verbandes, deutsche und italienische Schweiz",7,101,1941,https://www.e-periodica.ch/digbib/view?pid=kif-002:1941:7::372
"Schweizer Film = Film Suisse : offizielles Organ des Schweiz. Lichtspieltheater-Verbandes, deutsche und italienische Schweiz",7,102,1941,https://www.e-periodica.ch/digbib/view?pid=kif-002:1941:7::412
"Schweizer Film = Film Suisse : offizielles Organ des Schweiz. Lichtspieltheater-Verbandes, deutsche und italienische Schweiz",7,103,1941,https://www.e-periodica.ch/digbib/view?pid=kif-002:1941:7::454
"Schweizer Film = Film Suisse : offizielles Organ des Schweiz. Lichtspieltheater-Verbandes, deutsche und italienische Schweiz",7,104,1941,https://www.e-periodica.ch/digbib/view?pid=kif-002:1941:7::502
"Schweizer Film = Film Suisse : offizielles Organ des Schweiz. Lichtspieltheater-Verbandes, deutsche und italienische Schweiz",7,105,1941,https://www.e-periodica.ch/digbib/view?pid=kif-002:1941:7::534
"Schweizer Film = Film Suisse : offizielles Organ des Schweiz. Lichtspieltheater-Verbandes, deutsche und italienische Schweiz",7,106,1941,https://www.e-periodica.ch/digbib/view?pid=kif-002:1941:7::602
"Schweizer Film = Film Suisse : offizielles Organ des Schweiz. Lichtspieltheater-Verbandes, deutsche und italienische Schweiz",7,107,1941,https://www.e-periodica.ch/digbib/view?pid=kif-002:1941:7::638
"Schweizer Film = Film Suisse : offizielles Organ des Schweiz. Lichtspieltheater-Verbandes, deutsche und italienische Schweiz",7,108,1941,https://www.e-periodica.ch/digbib/view?pid=kif-002:1941:7::680
"Schweizer Film = Film Suisse : offizielles Organ des Schweiz. Lichtspieltheater-Verbandes, deutsche und italienische Schweiz",7,109,1941,https://www.e-periodica.ch/digbib/view?pid=kif-002:1941:7::708
"Schweizer Film = Film Suisse : offizielles Organ des Schweiz. Lichtspieltheater-Verbandes, deutsche und italienische Schweiz",7,110,1941,https://www.e-periodica.ch/digbib/view?pid=kif-002:1941:7::744
"Schweizer Film = Film Suisse : offizielles Organ des Schweiz. Lichtspieltheater-Verbandes, deutsche und italienische Schweiz",7,111,1941,https://www.e-periodica.ch/digbib/view?pid=kif-002:1941:7::784
"Schweizer Film = Film Suisse : offizielles Organ des Schweiz. Lichtspieltheater-Verbandes, deutsche und italienische Schweiz",7,112,1941,https://www.e-periodica.ch/digbib/view?pid=kif-002:1941:7::828
"Schweizer Film = Film Suisse : offizielles Organ des Schweiz. Lichtspieltheater-Verbandes, deutsche und italienische Schweiz",7,113,1941,https://www.e-periodica.ch/digbib/view?pid=kif-002:1941:7::864
"Schweizer Film = Film Suisse : offizielles Organ des Schweiz. Lichtspieltheater-Verbandes, deutsche und italienische Schweiz",7,114,1941,https://www.e-periodica.ch/digbib/view?pid=kif-002:1941:7::908
"Schweizer Film = Film Suisse : offizielles Organ des Schweiz. Lichtspieltheater-Verbandes, deutsche und italienische Schweiz",7,115,1941,https://www.e-periodica.ch/digbib/view?pid=kif-002:1941:7::952
"Schweizer Film = Film Suisse : offizielles Organ des Schweiz. Lichtspieltheater-Verbandes, deutsche und italienische Schweiz",6,83,1940,https://www.e-periodica.ch/digbib/view?pid=kif-002:1940:6::4
"Schweizer Film = Film Suisse : offizielles Organ des Schweiz. Lichtspieltheater-Verbandes, deutsche und italienische Schweiz",6,84,1940,https://www.e-periodica.ch/digbib/view?pid=kif-002:1940:6::68
"Schweizer Film = Film Suisse : offizielles Organ des Schweiz. Lichtspieltheater-Verbandes, deutsche und italienische Schweiz",6,85,1940,https://www.e-periodica.ch/digbib/view?pid=kif-002:1940:6::108
"Schweizer Film = Film Suisse : offizielles Organ des Schweiz. Lichtspieltheater-Verbandes, deutsche und italienische Schweiz",6,86,1940,https://www.e-periodica.ch/digbib/view?pid=kif-002:1940:6::160
"Schweizer Film = Film Suisse : offizielles Organ des Schweiz. Lichtspieltheater-Verbandes, deutsche und italienische Schweiz",6,87,1940,https://www.e-periodica.ch/digbib/view?pid=kif-002:1940:6::208
"Schweizer Film = Film Suisse : offizielles Organ des Schweiz. Lichtspieltheater-Verbandes, deutsche und italienische Schweiz",6,88,1940,https://www.e-periodica.ch/digbib/view?pid=kif-002:1940:6::248
"Schweizer Film = Film Suisse : offizielles Organ des Schweiz. Lichtspieltheater-Verbandes, deutsche und italienische Schweiz",6,89,1940,https://www.e-periodica.ch/digbib/view?pid=kif-002:1940:6::292
"Schweizer Film = Film Suisse : offizielles Organ des Schweiz. Lichtspieltheater-Verbandes, deutsche und italienische Schweiz",6,90,1940,https://www.e-periodica.ch/digbib/view?pid=kif-002:1940:6::328
"Schweizer Film = Film Suisse : offizielles Organ des Schweiz. Lichtspieltheater-Verbandes, deutsche und italienische Schweiz",6,91,1940,https://www.e-periodica.ch/digbib/view?pid=kif-002:1940:6::372
"Schweizer Film = Film Suisse : offizielles Organ des Schweiz. Lichtspieltheater-Verbandes, deutsche und italienische Schweiz",6,92,1940,https://www.e-periodica.ch/digbib/view?pid=kif-002:1940:6::424
"Schweizer Film = Film Suisse : offizielles Organ des Schweiz. Lichtspieltheater-Verbandes, deutsche und italienische Schweiz",6,93,1940,https://www.e-periodica.ch/digbib/view?pid=kif-002:1940:6::476
"Schweizer Film = Film Suisse : offizielles Organ des Schweiz. Lichtspieltheater-Verbandes, deutsche und italienische Schweiz",5,71,1939,https://www.e-periodica.ch/digbib/view?pid=kif-002:1939:5::4
"Schweizer Film = Film Suisse : offizielles Organ des Schweiz. Lichtspieltheater-Verbandes, deutsche und italienische Schweiz",5,72,1939,https://www.e-periodica.ch/digbib/view?pid=kif-002:1939:5::68
"Schweizer Film = Film Suisse : offizielles Organ des Schweiz. Lichtspieltheater-Verbandes, deutsche und italienische Schweiz",5,73,1939,https://www.e-periodica.ch/digbib/view?pid=kif-002:1939:5::100
"Schweizer Film = Film Suisse : offizielles Organ des Schweiz. Lichtspieltheater-Verbandes, deutsche und italienische Schweiz",5,74,1939,https://www.e-periodica.ch/digbib/view?pid=kif-002:1939:5::140
"Schweizer Film = Film Suisse : offizielles Organ des Schweiz. Lichtspieltheater-Verbandes, deutsche und italienische Schweiz",5,75,1939,https://www.e-periodica.ch/digbib/view?pid=kif-002:1939:5::184
"Schweizer Film = Film Suisse : offizielles Organ des Schweiz. Lichtspieltheater-Verbandes, deutsche und italienische Schweiz",5,76-77,1939,https://www.e-periodica.ch/digbib/view?pid=kif-002:1939:5::220
"Schweizer Film = Film Suisse : offizielles Organ des Schweiz. Lichtspieltheater-Verbandes, deutsche und italienische Schweiz",5,78,1939,https://www.e-periodica.ch/digbib/view?pid=kif-002:1939:5::260
"Schweizer Film = Film Suisse : offizielles Organ des Schweiz. Lichtspieltheater-Verbandes, deutsche und italienische Schweiz",5,79,1939,https://www.e-periodica.ch/digbib/view?pid=kif-002:1939:5::296
"Schweizer Film = Film Suisse : offizielles Organ des Schweiz. Lichtspieltheater-Verbandes, deutsche und italienische Schweiz",5,80,1939,https://www.e-periodica.ch/digbib/view?pid=kif-002:1939:5::348
"Schweizer Film = Film Suisse : offizielles Organ des Schweiz. Lichtspieltheater-Verbandes, deutsche und italienische Schweiz",5,81,1939,https://www.e-periodica.ch/digbib/view?pid=kif-002:1939:5::384
"Schweizer Film = Film Suisse : offizielles Organ des Schweiz. Lichtspieltheater-Verbandes, deutsche und italienische Schweiz",5,82,1939,https://www.e-periodica.ch/digbib/view?pid=kif-002:1939:5::404
"Schweizer Film = Film Suisse : offizielles Organ des Schweiz. Lichtspieltheater-Verbandes, deutsche und italienische Schweiz",4,59,1938,https://www.e-periodica.ch/digbib/view?pid=kif-002:1938:4::4
"Schweizer Film = Film Suisse : offizielles Organ des Schweiz. Lichtspieltheater-Verbandes, deutsche und italienische Schweiz",4,60,1938,https://www.e-periodica.ch/digbib/view?pid=kif-002:1938:4::56
"Schweizer Film = Film Suisse : offizielles Organ des Schweiz. Lichtspieltheater-Verbandes, deutsche und italienische Schweiz",4,61,1938,https://www.e-periodica.ch/digbib/view?pid=kif-002:1938:4::84
"Schweizer Film = Film Suisse : offizielles Organ des Schweiz. Lichtspieltheater-Verbandes, deutsche und italienische Schweiz",4,62,1938,https://www.e-periodica.ch/digbib/view?pid=kif-002:1938:4::104
"Schweizer Film = Film Suisse : offizielles Organ des Schweiz. Lichtspieltheater-Verbandes, deutsche und italienische Schweiz",4,63-64,1938,https://www.e-periodica.ch/digbib/view?pid=kif-002:1938:4::136
"Schweizer Film = Film Suisse : offizielles Organ des Schweiz. Lichtspieltheater-Verbandes, deutsche und italienische Schweiz",4,65,1938,https://www.e-periodica.ch/digbib/view?pid=kif-002:1938:4::160
"Schweizer Film = Film Suisse : offizielles Organ des Schweiz. Lichtspieltheater-Verbandes, deutsche und italienische Schweiz",4,66,1938,https://www.e-periodica.ch/digbib/view?pid=kif-002:1938:4::184
"Schweizer Film = Film Suisse : offizielles Organ des Schweiz. Lichtspieltheater-Verbandes, deutsche und italienische Schweiz",4,67,1938,https://www.e-periodica.ch/digbib/view?pid=kif-002:1938:4::232
"Schweizer Film = Film Suisse : offizielles Organ des Schweiz. Lichtspieltheater-Verbandes, deutsche und italienische Schweiz",4,68,1938,https://www.e-periodica.ch/digbib/view?pid=kif-002:1938:4::280
"Schweizer Film = Film Suisse : offizielles Organ des Schweiz. Lichtspieltheater-Verbandes, deutsche und italienische Schweiz",4,69,1938,https://www.e-periodica.ch/digbib/view?pid=kif-002:1938:4::318
"Schweizer Film = Film Suisse : offizielles Organ des Schweiz. Lichtspieltheater-Verbandes, deutsche und italienische Schweiz",4,70,1938,https://www.e-periodica.ch/digbib/view?pid=kif-002:1938:4::350
"Schweizer Film = Film Suisse : offizielles Organ des Schweiz. Lichtspieltheater-Verbandes, deutsche und italienische Schweiz",3,49,1937,https://www.e-periodica.ch/digbib/view?pid=kif-002:1937:3::4
"Schweizer Film = Film Suisse : offizielles Organ des Schweiz. Lichtspieltheater-Verbandes, deutsche und italienische Schweiz",3,50,1937,https://www.e-periodica.ch/digbib/view?pid=kif-002:1937:3::8
"Schweizer Film = Film Suisse : offizielles Organ des Schweiz. Lichtspieltheater-Verbandes, deutsche und italienische Schweiz",3,51,1937,https://www.e-periodica.ch/digbib/view?pid=kif-002:1937:3::36
"Schweizer Film = Film Suisse : offizielles Organ des Schweiz. Lichtspieltheater-Verbandes, deutsche und italienische Schweiz",3,52,1937,https://www.e-periodica.ch/digbib/view?pid=kif-002:1937:3::56
"Schweizer Film = Film Suisse : offizielles Organ des Schweiz. Lichtspieltheater-Verbandes, deutsche und italienische Schweiz",3,53,1937,https://www.e-periodica.ch/digbib/view?pid=kif-002:1937:3::72
"Schweizer Film = Film Suisse : offizielles Organ des Schweiz. Lichtspieltheater-Verbandes, deutsche und italienische Schweiz",3,54,1937,https://www.e-periodica.ch/digbib/view?pid=kif-002:1937:3::92
"Schweizer Film = Film Suisse : offizielles Organ des Schweiz. Lichtspieltheater-Verbandes, deutsche und italienische Schweiz",3,55,1937,https://www.e-periodica.ch/digbib/view?pid=kif-002:1937:3::124
"Schweizer Film = Film Suisse : offizielles Organ des Schweiz. Lichtspieltheater-Verbandes, deutsche und italienische Schweiz",3,56,1937,https://www.e-periodica.ch/digbib/view?pid=kif-002:1937:3::144
"Schweizer Film = Film Suisse : offizielles Organ des Schweiz. Lichtspieltheater-Verbandes, deutsche und italienische Schweiz",3,57,1937,https://www.e-periodica.ch/digbib/view?pid=kif-002:1937:3::156
"Schweizer Film = Film Suisse : offizielles Organ des Schweiz. Lichtspieltheater-Verbandes, deutsche und italienische Schweiz",3,58,1937,https://www.e-periodica.ch/digbib/view?pid=kif-002:1937:3::180
"Schweizer Film = Film Suisse : offizielles Organ des Schweiz. Lichtspieltheater-Verbandes, deutsche und italienische Schweiz",,38,1936,https://www.e-periodica.ch/digbib/view?pid=kif-002:1936:0::4
"Schweizer Film = Film Suisse : offizielles Organ des Schweiz. Lichtspieltheater-Verbandes, deutsche und italienische Schweiz",,39,1936,https://www.e-periodica.ch/digbib/view?pid=kif-002:1936:0::16
"Schweizer Film = Film Suisse : offizielles Organ des Schweiz. Lichtspieltheater-Verbandes, deutsche und italienische Schweiz",,40,1936,https://www.e-periodica.ch/digbib/view?pid=kif-002:1936:0::20
"Schweizer Film = Film Suisse : offizielles Organ des Schweiz. Lichtspieltheater-Verbandes, deutsche und italienische Schweiz",,41,1936,https://www.e-periodica.ch/digbib/view?pid=kif-002:1936:0::24
"Schweizer Film = Film Suisse : offizielles Organ des Schweiz. Lichtspieltheater-Verbandes, deutsche und italienische Schweiz",,42,1936,https://www.e-periodica.ch/digbib/view?pid=kif-002:1936:0::30
"Schweizer Film = Film Suisse : offizielles Organ des Schweiz. Lichtspieltheater-Verbandes, deutsche und italienische Schweiz",,43,1936,https://www.e-periodica.ch/digbib/view?pid=kif-002:1936:0::34
"Schweizer Film = Film Suisse : offizielles Organ des Schweiz. Lichtspieltheater-Verbandes, deutsche und italienische Schweiz",,44,1936,https://www.e-periodica.ch/digbib/view?pid=kif-002:1936:0::38
"Schweizer Film = Film Suisse : offizielles Organ des Schweiz. Lichtspieltheater-Verbandes, deutsche und italienische Schweiz",,45,1936,https://www.e-periodica.ch/digbib/view?pid=kif-002:1936:0::42
"Schweizer Film = Film Suisse : offizielles Organ des Schweiz. Lichtspieltheater-Verbandes, deutsche und italienische Schweiz",,46,1936,https://www.e-periodica.ch/digbib/view?pid=kif-002:1936:0::46
"Schweizer Film = Film Suisse : offizielles Organ des Schweiz. Lichtspieltheater-Verbandes, deutsche und italienische Schweiz",,47,1936,https://www.e-periodica.ch/digbib/view?pid=kif-002:1936:0::50
"Schweizer Film = Film Suisse : offizielles Organ des Schweiz. Lichtspieltheater-Verbandes, deutsche und italienische Schweiz",,48,1936,https://www.e-periodica.ch/digbib/view?pid=kif-002:1936:0::54
"Schweizer Film = Film Suisse : offizielles Organ des Schweiz. Lichtspieltheater-Verbandes, deutsche und italienische Schweiz",,21,1935,https://www.e-periodica.ch/digbib/view?pid=kif-002:1935:0::4
"Schweizer Film = Film Suisse : offizielles Organ des Schweiz. Lichtspieltheater-Verbandes, deutsche und italienische Schweiz",,22,1935,https://www.e-periodica.ch/digbib/view?pid=kif-002:1935:0::8
"Schweizer Film = Film Suisse : offizielles Organ des Schweiz. Lichtspieltheater-Verbandes, deutsche und italienische Schweiz",,23,1935,https://www.e-periodica.ch/digbib/view?pid=kif-002:1935:0::12
"Schweizer Film = Film Suisse : offizielles Organ des Schweiz. Lichtspieltheater-Verbandes, deutsche und italienische Schweiz",,24,1935,https://www.e-periodica.ch/digbib/view?pid=kif-002:1935:0::16
"Schweizer Film = Film Suisse : offizielles Organ des Schweiz. Lichtspieltheater-Verbandes, deutsche und italienische Schweiz",,25,1935,https://www.e-periodica.ch/digbib/view?pid=kif-002:1935:0::22
"Schweizer Film = Film Suisse : offizielles Organ des Schweiz. Lichtspieltheater-Verbandes, deutsche und italienische Schweiz",,26,1935,https://www.e-periodica.ch/digbib/view?pid=kif-002:1935:0::26
"Schweizer Film = Film Suisse : offizielles Organ des Schweiz. Lichtspieltheater-Verbandes, deutsche und italienische Schweiz",,27,1935,https://www.e-periodica.ch/digbib/view?pid=kif-002:1935:0::32
"Schweizer Film = Film Suisse : offizielles Organ des Schweiz. Lichtspieltheater-Verbandes, deutsche und italienische Schweiz",,28,1935,https://www.e-periodica.ch/digbib/view?pid=kif-002:1935:0::36
"Schweizer Film = Film Suisse : offizielles Organ des Schweiz. Lichtspieltheater-Verbandes, deutsche und italienische Schweiz",,29,1935,https://www.e-periodica.ch/digbib/view?pid=kif-002:1935:0::40
"Schweizer Film = Film Suisse : offizielles Organ des Schweiz. Lichtspieltheater-Verbandes, deutsche und italienische Schweiz",,30,1935,https://www.e-periodica.ch/digbib/view?pid=kif-002:1935:0::48
"Schweizer Film = Film Suisse : offizielles Organ des Schweiz. Lichtspieltheater-Verbandes, deutsche und italienische Schweiz",,31,1935,https://www.e-periodica.ch/digbib/view?pid=kif-002:1935:0::52
"Schweizer Film = Film Suisse : offizielles Organ des Schweiz. Lichtspieltheater-Verbandes, deutsche und italienische Schweiz",,32,1935,https://www.e-periodica.ch/digbib/view?pid=kif-002:1935:0::56
"Schweizer Film = Film Suisse : offizielles Organ des Schweiz. Lichtspieltheater-Verbandes, deutsche und italienische Schweiz",,33,1935,https://www.e-periodica.ch/digbib/view?pid=kif-002:1935:0::60
"Schweizer Film = Film Suisse : offizielles Organ des Schweiz. Lichtspieltheater-Verbandes, deutsche und italienische Schweiz",,34,1935,https://www.e-periodica.ch/digbib/view?pid=kif-002:1935:0::64
"Schweizer Film = Film Suisse : offizielles Organ des Schweiz. Lichtspieltheater-Verbandes, deutsche und italienische Schweiz",,35,1935,https://www.e-periodica.ch/digbib/view?pid=kif-002:1935:0::68
"Schweizer Film = Film Suisse : offizielles Organ des Schweiz. Lichtspieltheater-Verbandes, deutsche und italienische Schweiz",,36,1935,https://www.e-periodica.ch/digbib/view?pid=kif-002:1935:0::74
"Schweizer Film = Film Suisse : offizielles Organ des Schweiz. Lichtspieltheater-Verbandes, deutsche und italienische Schweiz",,37,1935,https://www.e-periodica.ch/digbib/view?pid=kif-002:1935:0::78
"Schweizer Film = Film Suisse : offizielles Organ des Schweiz. Lichtspieltheater-Verbandes, deutsche und italienische Schweiz",,1,1934,https://www.e-periodica.ch/digbib/view?pid=kif-002:1934:0::4
"Schweizer Film = Film Suisse : offizielles Organ des Schweiz. Lichtspieltheater-Verbandes, deutsche und italienische Schweiz",,2,1934,https://www.e-periodica.ch/digbib/view?pid=kif-002:1934:0::8
"Schweizer Film = Film Suisse : offizielles Organ des Schweiz. Lichtspieltheater-Verbandes, deutsche und italienische Schweiz",,3,1934,https://www.e-periodica.ch/digbib/view?pid=kif-002:1934:0::12
"Schweizer Film = Film Suisse : offizielles Organ des Schweiz. Lichtspieltheater-Verbandes, deutsche und italienische Schweiz",,4,1934,https://www.e-periodica.ch/digbib/view?pid=kif-002:1934:0::16
"Schweizer Film = Film Suisse : offizielles Organ des Schweiz. Lichtspieltheater-Verbandes, deutsche und italienische Schweiz",,5,1934,https://www.e-periodica.ch/digbib/view?pid=kif-002:1934:0::20
"Schweizer Film = Film Suisse : offizielles Organ des Schweiz. Lichtspieltheater-Verbandes, deutsche und italienische Schweiz",,6,1934,https://www.e-periodica.ch/digbib/view?pid=kif-002:1934:0::28
"Schweizer Film = Film Suisse : offizielles Organ des Schweiz. Lichtspieltheater-Verbandes, deutsche und italienische Schweiz",,7,1934,https://www.e-periodica.ch/digbib/view?pid=kif-002:1934:0::32
"Schweizer Film = Film Suisse : offizielles Organ des Schweiz. Lichtspieltheater-Verbandes, deutsche und italienische Schweiz",,8,1934,https://www.e-periodica.ch/digbib/view?pid=kif-002:1934:0::40
"Schweizer Film = Film Suisse : offizielles Organ des Schweiz. Lichtspieltheater-Verbandes, deutsche und italienische Schweiz",,9,1934,https://www.e-periodica.ch/digbib/view?pid=kif-002:1934:0::44
"Schweizer Film = Film Suisse : offizielles Organ des Schweiz. Lichtspieltheater-Verbandes, deutsche und italienische Schweiz",,10,1934,https://www.e-periodica.ch/digbib/view?pid=kif-002:1934:0::48
"Schweizer Film = Film Suisse : offizielles Organ des Schweiz. Lichtspieltheater-Verbandes, deutsche und italienische Schweiz",,11,1934,https://www.e-periodica.ch/digbib/view?pid=kif-002:1934:0::52
"Schweizer Film = Film Suisse : offizielles Organ des Schweiz. Lichtspieltheater-Verbandes, deutsche und italienische Schweiz",,12,1934,https://www.e-periodica.ch/digbib/view?pid=kif-002:1934:0::60
"Schweizer Film = Film Suisse : offizielles Organ des Schweiz. Lichtspieltheater-Verbandes, deutsche und italienische Schweiz",,13,1934,https://www.e-periodica.ch/digbib/view?pid=kif-002:1934:0::68
"Schweizer Film = Film Suisse : offizielles Organ des Schweiz. Lichtspieltheater-Verbandes, deutsche und italienische Schweiz",,14,1934,https://www.e-periodica.ch/digbib/view?pid=kif-002:1934:0::72
"Schweizer Film = Film Suisse : offizielles Organ des Schweiz. Lichtspieltheater-Verbandes, deutsche und italienische Schweiz",,15,1934,https://www.e-periodica.ch/digbib/view?pid=kif-002:1934:0::76
"Schweizer Film = Film Suisse : offizielles Organ des Schweiz. Lichtspieltheater-Verbandes, deutsche und italienische Schweiz",,16,1934,https://www.e-periodica.ch/digbib/view?pid=kif-002:1934:0::84
"Schweizer Film = Film Suisse : offizielles Organ des Schweiz. Lichtspieltheater-Verbandes, deutsche und italienische Schweiz",,17,1934,https://www.e-periodica.ch/digbib/view?pid=kif-002:1934:0::88
"Schweizer Film = Film Suisse : offizielles Organ des Schweiz. Lichtspieltheater-Verbandes, deutsche und italienische Schweiz",,18,1934,https://www.e-periodica.ch/digbib/view?pid=kif-002:1934:0::92
"Schweizer Film = Film Suisse : offizielles Organ des Schweiz. Lichtspieltheater-Verbandes, deutsche und italienische Schweiz",,19,1934,https://www.e-periodica.ch/digbib/view?pid=kif-002:1934:0::96
"Schweizer Film = Film Suisse : offizielles Organ des Schweiz. Lichtspieltheater-Verbandes, deutsche und italienische Schweiz",,20,1934,https://www.e-periodica.ch/digbib/view?pid=kif-002:1934:0::100
